Timestamp,Open,High,Low,Close,Volume,symbol,Date
1563580800.0,225.93,235.52,221.63,228.76,351861.37936,ETH-PERP,2019-07-20
1563667200.0,228.76,229.96,217.72,225.51,36855.11088,ETH-PERP,2019-07-21
1563753600.0,225.51,228.33,212.0,217.19,259523.19569,ETH-PERP,2019-07-22
1563840000.0,217.19,219.25,208.53,211.92,905194.02875,ETH-PERP,2019-07-23
1563926400.0,211.92,218.19,200.4,216.46,644354.32163,ETH-PERP,2019-07-24
1564012800.0,216.46,226.0,215.6,219.17,184366.90298,ETH-PERP,2019-07-25
1564099200.0,219.17,220.23,213.29,219.16,104434.69835,ETH-PERP,2019-07-26
1564185600.0,219.16,225.33,202.59,207.02,267252.65852,ETH-PERP,2019-07-27
1564272000.0,207.01,218.0,197.79,211.35,175470.49159,ETH-PERP,2019-07-28
1564358400.0,211.38,215.18,206.6,210.7,312387.84076,ETH-PERP,2019-07-29
1564444800.0,210.7,214.47,204.49,209.94,358634.25991,ETH-PERP,2019-07-30
1564531200.0,209.94,219.07,209.69,218.68,1759007.41916,ETH-PERP,2019-07-31
1564617600.0,218.68,219.4,211.04,217.5,1967907.45283,ETH-PERP,2019-08-01
1564704000.0,217.37,222.8,213.51,217.8,3366258.53011,ETH-PERP,2019-08-02
1564790400.0,217.8,224.73,216.82,222.22,1361332.86484,ETH-PERP,2019-08-03
1564876800.0,222.22,223.84,217.69,222.7,930769.66635,ETH-PERP,2019-08-04
1564963200.0,222.7,237.07,222.66,233.46,3910937.22168,ETH-PERP,2019-08-05
1565049600.0,233.46,239.68,222.9,226.06,2047251.26531,ETH-PERP,2019-08-06
1565136000.0,226.06,231.63,220.64,226.14,1695346.98785,ETH-PERP,2019-08-07
1565222400.0,226.14,226.81,215.42,221.28,1249768.26154,ETH-PERP,2019-08-08
1565308800.0,221.28,221.68,206.86,210.15,323937.70643,ETH-PERP,2019-08-09
1565395200.0,210.15,214.78,200.54,205.89,1243067.97154,ETH-PERP,2019-08-10
1565481600.0,205.99,216.65,205.63,216.39,229600.3923,ETH-PERP,2019-08-11
1565568000.0,216.39,216.55,209.76,211.32,248887.2859,ETH-PERP,2019-08-12
1565654400.0,211.32,211.4,204.35,208.71,12276940.08487,ETH-PERP,2019-08-13
1565740800.0,208.71,209.3,182.02,186.34,10724726.64308,ETH-PERP,2019-08-14
1565827200.0,186.16,189.22,173.83,187.91,2980037.0168,ETH-PERP,2019-08-15
1565913600.0,187.91,188.08,176.0,185.14,6630179.21698,ETH-PERP,2019-08-16
1566000000.0,185.14,186.83,182.04,185.56,14483058.65592,ETH-PERP,2019-08-17
1566086400.0,185.56,198.15,183.32,194.66,11606924.44538,ETH-PERP,2019-08-18
1566172800.0,194.66,203.6,193.07,202.51,6838534.47518,ETH-PERP,2019-08-19
1566259200.0,202.51,202.85,194.75,196.74,6113346.71215,ETH-PERP,2019-08-20
1566345600.0,196.74,197.17,180.37,187.32,3292235.3111,ETH-PERP,2019-08-21
1566432000.0,187.32,195.12,182.82,190.64,3332278.53765,ETH-PERP,2019-08-22
1566518400.0,190.64,196.62,188.68,194.67,1766106.45734,ETH-PERP,2019-08-23
1566604800.0,194.67,194.7,186.02,191.06,2049958.61177,ETH-PERP,2019-08-24
1566691200.0,191.06,192.85,182.95,186.68,2462536.11004,ETH-PERP,2019-08-25
1566777600.0,186.7,195.1,185.8,188.47,4811898.22124,ETH-PERP,2019-08-26
1566864000.0,188.5,189.19,184.56,187.2,2268737.14415,ETH-PERP,2019-08-27
1566950400.0,187.2,188.19,164.3,172.87,4250531.26613,ETH-PERP,2019-08-28
1567036800.0,172.87,173.34,163.65,168.77,3583139.93628,ETH-PERP,2019-08-29
1567123200.0,168.79,170.24,165.44,168.23,2806303.06109,ETH-PERP,2019-08-30
1567209600.0,168.23,174.77,165.82,171.76,3254514.21098,ETH-PERP,2019-08-31
1567296000.0,171.76,173.56,167.96,171.17,2284096.6497,ETH-PERP,2019-09-01
1567382400.0,171.17,181.43,170.36,178.72,940672.16431,ETH-PERP,2019-09-02
1567468800.0,178.72,183.42,174.55,179.03,4070084.87721,ETH-PERP,2019-09-03
1567555200.0,179.03,180.43,173.97,174.97,783478.58352,ETH-PERP,2019-09-04
1567641600.0,174.97,175.91,169.59,174.13,1368737.56742,ETH-PERP,2019-09-05
1567728000.0,174.13,178.57,165.01,169.21,1270769.24143,ETH-PERP,2019-09-06
1567814400.0,169.21,181.26,168.49,178.18,620686.19233,ETH-PERP,2019-09-07
1567900800.0,178.18,184.85,176.75,181.61,2115785.49411,ETH-PERP,2019-09-08
1567987200.0,181.56,185.92,176.29,180.9,3471246.58646,ETH-PERP,2019-09-09
1568073600.0,180.89,184.67,176.58,179.9,7728889.99648,ETH-PERP,2019-09-10
1568160000.0,179.9,182.73,173.67,178.5,5198888.25378,ETH-PERP,2019-09-11
1568246400.0,178.5,182.95,176.72,181.15,2155594.89746,ETH-PERP,2019-09-12
1568332800.0,181.15,181.98,177.67,181.54,2758653.08206,ETH-PERP,2019-09-13
1568419200.0,181.54,189.29,180.28,188.87,4030906.37757,ETH-PERP,2019-09-14
1568505600.0,188.88,191.03,186.37,189.39,2803170.02953,ETH-PERP,2019-09-15
1568592000.0,189.39,199.62,188.49,197.69,5904988.02046,ETH-PERP,2019-09-16
1568678400.0,197.69,215.22,196.32,208.01,16448367.76473,ETH-PERP,2019-09-17
1568764800.0,208.01,217.35,207.95,210.37,9038964.21982,ETH-PERP,2019-09-18
1568851200.0,210.37,224.54,202.41,221.06,13195235.46188,ETH-PERP,2019-09-19
1568937600.0,221.06,233.06,211.91,218.14,7180215.28717,ETH-PERP,2019-09-20
1569024000.0,218.14,221.57,213.3,215.02,4108739.47437,ETH-PERP,2019-09-21
1569110400.0,215.02,215.57,206.17,211.35,7489815.90211,ETH-PERP,2019-09-22
1569196800.0,211.31,211.92,198.07,201.29,8266275.84036,ETH-PERP,2019-09-23
1569283200.0,201.17,202.68,143.64,166.43,25890979.9345,ETH-PERP,2019-09-24
1569369600.0,166.13,174.92,162.32,170.1,10466498.49008,ETH-PERP,2019-09-25
1569456000.0,170.08,171.0,151.85,166.0,7604828.71392,ETH-PERP,2019-09-26
1569542400.0,166.0,177.07,161.05,174.12,8004248.69628,ETH-PERP,2019-09-27
1569628800.0,174.12,175.75,168.29,173.79,5086790.03594,ETH-PERP,2019-09-28
1569715200.0,173.79,174.76,164.4,169.4,4150809.52761,ETH-PERP,2019-09-29
1569801600.0,169.4,181.73,165.18,181.27,7997558.33728,ETH-PERP,2019-09-30
1569888000.0,181.26,185.75,173.43,176.13,5998411.01055,ETH-PERP,2019-10-01
1569974400.0,176.07,181.62,174.14,180.79,2767961.38525,ETH-PERP,2019-10-02
1570060800.0,180.79,181.42,169.52,175.17,6145512.2233,ETH-PERP,2019-10-03
1570147200.0,175.17,179.56,171.09,175.95,3055957.84655,ETH-PERP,2019-10-04
1570233600.0,175.95,177.09,172.31,176.76,3886323.23832,ETH-PERP,2019-10-05
1570320000.0,176.76,177.32,167.61,170.21,6410545.90386,ETH-PERP,2019-10-06
1570406400.0,170.19,182.67,168.74,180.32,6970995.20179,ETH-PERP,2019-10-07
1570492800.0,180.36,185.31,177.45,180.74,6211873.55479,ETH-PERP,2019-10-08
1570579200.0,180.77,196.06,179.32,193.31,15202147.73804,ETH-PERP,2019-10-09
1570665600.0,193.31,194.85,187.67,191.95,9250048.75287,ETH-PERP,2019-10-10
1570752000.0,191.95,197.95,179.7,181.02,10079912.77169,ETH-PERP,2019-10-11
1570838400.0,181.02,185.04,177.52,179.86,7335673.52342,ETH-PERP,2019-10-12
1570924800.0,179.86,184.79,178.74,181.27,7101594.0164,ETH-PERP,2019-10-13
1571011200.0,181.27,188.06,180.7,187.15,6215344.38018,ETH-PERP,2019-10-14
1571097600.0,187.15,188.85,176.5,180.77,11402449.93607,ETH-PERP,2019-10-15
1571184000.0,180.78,181.59,171.7,174.42,9887988.97889,ETH-PERP,2019-10-16
1571270400.0,174.42,179.01,172.58,177.21,5531375.36058,ETH-PERP,2019-10-17
1571356800.0,177.21,177.33,168.22,173.0,10094589.79431,ETH-PERP,2019-10-18
1571443200.0,173.0,175.12,169.71,172.1,11527971.10524,ETH-PERP,2019-10-19
1571529600.0,172.1,176.81,169.24,175.53,13046538.11864,ETH-PERP,2019-10-20
1571616000.0,175.53,178.1,171.76,174.25,7451828.93831,ETH-PERP,2019-10-21
1571702400.0,174.25,175.31,170.49,171.41,5675166.94931,ETH-PERP,2019-10-22
1571788800.0,171.41,171.53,151.84,162.29,14914875.26738,ETH-PERP,2019-10-23
1571875200.0,162.31,163.85,158.84,160.54,9094621.28167,ETH-PERP,2019-10-24
1571961600.0,160.52,188.18,159.88,181.75,18153494.26935,ETH-PERP,2019-10-25
1572048000.0,181.75,192.1,174.11,180.15,48849143.62777,ETH-PERP,2019-10-26
1572134400.0,180.15,189.2,177.02,184.48,35127876.23956,ETH-PERP,2019-10-27
1572220800.0,184.52,190.3,180.94,182.16,23789467.40571,ETH-PERP,2019-10-28
1572307200.0,182.18,193.62,181.73,191.17,21169368.39754,ETH-PERP,2019-10-29
1572393600.0,191.17,192.39,180.27,183.69,14338530.38933,ETH-PERP,2019-10-30
1572480000.0,183.69,185.98,178.21,182.8,10925897.39089,ETH-PERP,2019-10-31
1572566400.0,182.8,185.22,176.6,183.62,6499429.77565,ETH-PERP,2019-11-01
1572652800.0,183.62,186.23,182.0,183.34,5291038.68721,ETH-PERP,2019-11-02
1572739200.0,183.34,185.25,179.17,181.78,5661670.44789,ETH-PERP,2019-11-03
1572825600.0,181.79,189.56,180.65,186.22,11858220.52108,ETH-PERP,2019-11-04
1572912000.0,186.22,192.5,182.47,188.84,23527432.34877,ETH-PERP,2019-11-05
1572998400.0,188.84,194.73,187.86,191.2,13857679.3147,ETH-PERP,2019-11-06
1573084800.0,191.24,192.35,184.23,186.68,9386366.68705,ETH-PERP,2019-11-07
1573171200.0,186.69,188.29,180.83,183.75,7900408.20487,ETH-PERP,2019-11-08
1573257600.0,183.74,185.9,182.72,185.01,3400579.95061,ETH-PERP,2019-11-09
1573344000.0,185.01,192.36,183.42,189.1,7912013.15462,ETH-PERP,2019-11-10
1573430400.0,189.11,190.32,183.85,184.76,5266435.41106,ETH-PERP,2019-11-11
1573516800.0,184.76,187.61,181.68,187.07,8970852.48153,ETH-PERP,2019-11-12
1573603200.0,187.07,189.6,185.23,187.92,8072163.0726,ETH-PERP,2019-11-13
1573689600.0,187.92,188.59,182.51,184.63,6489438.62445,ETH-PERP,2019-11-14
1573776000.0,184.63,187.12,176.72,179.81,9799335.85417,ETH-PERP,2019-11-15
1573862400.0,179.8,183.37,179.1,182.3,4089620.07835,ETH-PERP,2019-11-16
1573948800.0,182.3,186.29,179.93,183.98,7454384.94125,ETH-PERP,2019-11-17
1574035200.0,183.98,183.99,173.93,177.95,8754544.92111,ETH-PERP,2019-11-18
1574121600.0,177.95,178.24,172.33,175.83,7730858.39641,ETH-PERP,2019-11-19
1574208000.0,175.82,177.4,173.13,174.36,7047119.41296,ETH-PERP,2019-11-20
1574294400.0,174.36,175.55,154.9,160.84,14670974.52884,ETH-PERP,2019-11-21
1574380800.0,160.84,162.64,137.18,149.8,34999808.05998,ETH-PERP,2019-11-22
1574467200.0,149.8,154.5,146.21,152.13,15242744.83192,ETH-PERP,2019-11-23
1574553600.0,152.14,153.1,138.36,139.85,16908714.35479,ETH-PERP,2019-11-24
1574640000.0,139.87,151.66,131.76,145.78,21804372.73297,ETH-PERP,2019-11-25
1574726400.0,145.89,149.99,143.52,147.63,9956894.32854,ETH-PERP,2019-11-26
1574812800.0,147.63,155.93,140.9,152.97,11832282.07325,ETH-PERP,2019-11-27
1574899200.0,153.0,154.85,149.12,150.89,7504889.80819,ETH-PERP,2019-11-28
1574985600.0,150.89,157.89,150.39,154.84,10398810.03943,ETH-PERP,2019-11-29
1575072000.0,154.84,155.52,149.89,151.63,8958726.05121,ETH-PERP,2019-11-30
1575158400.0,151.57,152.68,145.96,150.98,8708302.6953,ETH-PERP,2019-12-01
1575244800.0,151.01,151.64,146.82,148.88,5190028.58236,ETH-PERP,2019-12-02
1575331200.0,148.88,150.14,145.63,147.33,5110983.43757,ETH-PERP,2019-12-03
1575417600.0,147.34,152.9,143.12,145.55,10398671.10602,ETH-PERP,2019-12-04
1575504000.0,145.56,148.97,143.82,148.2,5976078.1622,ETH-PERP,2019-12-05
1575590400.0,148.2,149.84,145.9,148.97,4873452.44871,ETH-PERP,2019-12-06
1575676800.0,148.97,150.01,147.05,147.31,3464515.14406,ETH-PERP,2019-12-07
1575763200.0,147.31,151.9,146.32,150.67,3628795.74449,ETH-PERP,2019-12-08
1575849600.0,150.67,151.38,146.73,147.29,5379159.68648,ETH-PERP,2019-12-09
1575936000.0,147.28,148.38,143.77,145.47,3330357.01972,ETH-PERP,2019-12-10
1576022400.0,145.47,146.22,142.0,143.2,3286586.23544,ETH-PERP,2019-12-11
1576108800.0,143.2,145.72,139.19,144.72,6361613.0837,ETH-PERP,2019-12-12
1576195200.0,144.72,145.11,142.73,144.67,2396801.66659,ETH-PERP,2019-12-13
1576281600.0,144.67,144.96,141.03,141.68,2797200.59456,ETH-PERP,2019-12-14
1576368000.0,141.68,143.96,139.77,142.4,4035347.08488,ETH-PERP,2019-12-15
1576454400.0,142.4,142.56,128.37,132.44,10797499.47993,ETH-PERP,2019-12-16
1576540800.0,132.44,132.59,119.38,121.73,13561215.51453,ETH-PERP,2019-12-17
1576627200.0,121.74,134.9,116.12,132.94,22442268.00919,ETH-PERP,2019-12-18
1576713600.0,132.94,134.03,125.64,128.15,15727676.18064,ETH-PERP,2019-12-19
1576800000.0,128.15,129.45,125.68,128.29,6160174.31495,ETH-PERP,2019-12-20
1576886400.0,128.29,128.42,126.56,127.15,2788890.50479,ETH-PERP,2019-12-21
1576972800.0,127.15,133.12,126.97,132.31,7309440.01834,ETH-PERP,2019-12-22
1577059200.0,132.32,135.17,125.97,127.79,9599603.86302,ETH-PERP,2019-12-23
1577145600.0,127.78,129.53,126.56,127.72,4994425.27738,ETH-PERP,2019-12-24
1577232000.0,127.7,127.74,123.08,124.96,6769900.5703,ETH-PERP,2019-12-25
1577318400.0,124.96,132.22,124.19,125.48,13726083.25806,ETH-PERP,2019-12-26
1577404800.0,125.48,126.75,122.09,126.28,6576478.24605,ETH-PERP,2019-12-27
1577491200.0,126.28,129.59,125.89,127.93,4477535.48198,ETH-PERP,2019-12-28
1577577600.0,127.93,138.14,127.44,134.34,12740688.84248,ETH-PERP,2019-12-29
1577664000.0,134.3,135.94,130.04,131.19,10344962.2968,ETH-PERP,2019-12-30
1577750400.0,131.19,133.46,127.71,128.71,8833029.39697,ETH-PERP,2019-12-31
1577836800.0,128.71,132.78,128.26,130.31,7184510.69632,ETH-PERP,2020-01-01
1577923200.0,130.31,130.4,126.06,126.87,6762499.75217,ETH-PERP,2020-01-02
1578009600.0,126.87,135.02,125.62,134.33,16291641.34818,ETH-PERP,2020-01-03
1578096000.0,134.21,135.75,132.34,134.15,6562284.70193,ETH-PERP,2020-01-04
1578182400.0,134.15,138.17,134.15,135.32,8832745.3169,ETH-PERP,2020-01-05
1578268800.0,135.32,145.25,134.83,144.24,18468463.56258,ETH-PERP,2020-01-06
1578355200.0,144.24,145.33,138.95,142.96,17468625.80771,ETH-PERP,2020-01-07
1578441600.0,142.96,148.0,137.15,140.61,18401549.25719,ETH-PERP,2020-01-08
1578528000.0,140.72,141.46,135.31,137.75,10908780.88443,ETH-PERP,2020-01-09
1578614400.0,137.76,145.25,135.14,144.96,13475460.99449,ETH-PERP,2020-01-10
1578700800.0,144.98,148.23,142.13,142.51,13626809.46738,ETH-PERP,2020-01-11
1578787200.0,142.6,146.69,141.95,146.65,12849746.0371,ETH-PERP,2020-01-12
1578873600.0,146.63,147.41,142.18,143.59,11984734.2123,ETH-PERP,2020-01-13
1578960000.0,143.62,171.31,143.22,166.01,53531863.60724,ETH-PERP,2020-01-14
1579046400.0,165.86,172.08,159.36,166.53,31780098.62413,ETH-PERP,2020-01-15
1579132800.0,166.52,167.5,158.55,164.29,22830790.96939,ETH-PERP,2020-01-16
1579219200.0,164.34,174.63,162.26,169.73,44474311.40821,ETH-PERP,2020-01-17
1579305600.0,169.73,179.35,164.87,174.27,40346433.72076,ETH-PERP,2020-01-18
1579392000.0,174.27,178.24,161.71,166.87,43275041.48737,ETH-PERP,2020-01-19
1579478400.0,166.85,169.36,161.27,166.58,19843378.14305,ETH-PERP,2020-01-20
1579564800.0,166.58,170.0,164.61,169.3,18475351.16881,ETH-PERP,2020-01-21
1579651200.0,169.3,171.22,165.82,167.78,12984955.01131,ETH-PERP,2020-01-22
1579737600.0,167.78,167.88,158.51,162.59,15974456.90606,ETH-PERP,2020-01-23
1579824000.0,162.59,164.46,155.44,162.5,19944939.11655,ETH-PERP,2020-01-24
1579910400.0,162.5,162.57,157.5,160.2,12333520.77866,ETH-PERP,2020-01-25
1579996800.0,160.21,167.89,158.9,167.77,11155373.29115,ETH-PERP,2020-01-26
1580083200.0,167.77,171.87,165.19,170.02,23601767.03598,ETH-PERP,2020-01-27
1580169600.0,170.02,176.73,170.02,176.26,23653425.38496,ETH-PERP,2020-01-28
1580256000.0,176.15,178.71,173.24,173.67,19226799.65196,ETH-PERP,2020-01-29
1580342400.0,173.65,187.2,170.73,184.89,27151825.18555,ETH-PERP,2020-01-30
1580428800.0,184.92,185.94,175.17,179.82,26113776.1748,ETH-PERP,2020-01-31
1580515200.0,179.82,184.53,178.13,183.72,20966381.86423,ETH-PERP,2020-02-01
1580601600.0,183.72,193.83,178.9,188.45,27044645.42143,ETH-PERP,2020-02-02
1580688000.0,188.44,195.55,186.36,189.77,24933365.47442,ETH-PERP,2020-02-03
1580774400.0,189.83,191.82,184.78,188.56,17156752.66673,ETH-PERP,2020-02-04
1580860800.0,188.58,208.27,187.96,204.37,36029627.6339,ETH-PERP,2020-02-05
1580947200.0,204.37,216.63,201.4,213.3,64455049.45912,ETH-PERP,2020-02-06
1581033600.0,213.3,224.64,213.3,223.5,39952990.12715,ETH-PERP,2020-02-07
1581120000.0,223.51,228.38,213.45,223.71,46153998.64164,ETH-PERP,2020-02-08
1581206400.0,223.69,231.38,223.51,229.06,35033788.8502,ETH-PERP,2020-02-09
1581292800.0,229.1,230.41,216.59,223.28,31269953.57528,ETH-PERP,2020-02-10
1581379200.0,223.24,240.5,218.4,238.18,48330200.70512,ETH-PERP,2020-02-11
1581465600.0,238.15,277.34,238.15,266.91,112396851.7653,ETH-PERP,2020-02-12
1581552000.0,266.99,278.94,256.22,268.95,105054499.34712,ETH-PERP,2020-02-13
1581638400.0,269.05,288.31,260.93,286.47,62576346.49793,ETH-PERP,2020-02-14
1581724800.0,286.44,291.26,262.27,265.52,92785935.05752,ETH-PERP,2020-02-15
1581811200.0,265.52,274.5,237.69,259.47,111009151.77025,ETH-PERP,2020-02-16
1581897600.0,259.25,269.4,242.7,268.63,105431742.26715,ETH-PERP,2020-02-17
1581984000.0,268.68,290.35,259.72,284.37,104154240.55539,ETH-PERP,2020-02-18
1582070400.0,284.31,287.97,251.22,259.05,100600415.35404,ETH-PERP,2020-02-19
1582156800.0,258.79,264.39,245.57,257.79,150565131.50412,ETH-PERP,2020-02-20
1582243200.0,257.82,269.14,254.54,265.88,58549528.48714,ETH-PERP,2020-02-21
1582329600.0,265.93,267.67,256.4,262.37,59334293.2824,ETH-PERP,2020-02-22
1582416000.0,262.32,276.87,260.1,275.61,58582449.27398,ETH-PERP,2020-02-23
1582502400.0,275.58,289.55,257.37,266.0,116947522.14235,ETH-PERP,2020-02-24
1582588800.0,266.14,266.65,244.69,246.93,124836711.09857,ETH-PERP,2020-02-25
1582675200.0,246.96,250.5,215.78,223.93,199364532.89901,ETH-PERP,2020-02-26
1582761600.0,224.18,238.85,210.0,228.22,222573653.27298,ETH-PERP,2020-02-27
1582848000.0,228.2,235.06,213.95,227.75,149849218.03186,ETH-PERP,2020-02-28
1582934400.0,227.71,233.93,217.19,217.83,103354968.58005,ETH-PERP,2020-02-29
1583020800.0,217.67,228.1,212.13,217.5,191263673.65518,ETH-PERP,2020-03-01
1583107200.0,217.57,234.93,215.73,232.29,180441245.98923,ETH-PERP,2020-03-02
1583193600.0,232.32,233.12,220.08,223.92,142791696.5363,ETH-PERP,2020-03-03
1583280000.0,224.02,228.92,220.38,224.72,119867704.52871,ETH-PERP,2020-03-04
1583366400.0,224.72,234.62,224.72,228.99,108250663.9607,ETH-PERP,2020-03-05
1583452800.0,228.97,246.18,227.76,245.85,136218233.50887,ETH-PERP,2020-03-06
1583539200.0,245.84,253.03,236.68,237.75,118843511.11435,ETH-PERP,2020-03-07
1583625600.0,237.75,237.75,195.58,199.81,244706337.06664,ETH-PERP,2020-03-08
1583712000.0,199.81,209.22,190.1,203.3,337276454.5072,ETH-PERP,2020-03-09
1583798400.0,203.3,207.11,195.78,200.87,157671877.25631,ETH-PERP,2020-03-10
1583884800.0,200.91,203.34,181.92,195.02,155466177.92662,ETH-PERP,2020-03-11
1583971200.0,195.0,196.0,100.1,107.1,642726464.53175,ETH-PERP,2020-03-12
1584057600.0,107.29,146.25,84.32,134.95,794614174.59071,ETH-PERP,2020-03-13
1584144000.0,135.21,135.29,120.96,122.42,138322176.01154,ETH-PERP,2020-03-14
1584230400.0,122.5,134.25,119.73,123.6,116054247.93233,ETH-PERP,2020-03-15
1584316800.0,123.53,124.0,100.45,111.06,155175591.39095,ETH-PERP,2020-03-16
1584403200.0,111.09,121.7,109.16,115.89,87643989.66001,ETH-PERP,2020-03-17
1584489600.0,115.89,118.91,110.1,118.31,49031547.91351,ETH-PERP,2020-03-18
1584576000.0,118.31,144.12,115.67,136.51,159509883.02363,ETH-PERP,2020-03-19
1584662400.0,136.51,153.31,114.49,133.48,199671345.48429,ETH-PERP,2020-03-20
1584748800.0,133.57,137.5,125.5,132.66,77883777.83534,ETH-PERP,2020-03-21
1584835200.0,132.66,137.32,120.76,122.23,54602140.90876,ETH-PERP,2020-03-22
1584921600.0,122.21,138.48,114.0,136.46,131340113.97406,ETH-PERP,2020-03-23
1585008000.0,136.37,143.96,132.77,138.68,90673607.18772,ETH-PERP,2020-03-24
1585094400.0,138.65,142.56,132.28,135.88,43128302.15132,ETH-PERP,2020-03-25
1585180800.0,135.94,140.36,133.19,138.64,25404179.51565,ETH-PERP,2020-03-26
1585267200.0,138.66,141.8,128.55,131.16,45139941.36122,ETH-PERP,2020-03-27
1585353600.0,131.15,133.13,124.64,131.08,87832334.43839,ETH-PERP,2020-03-28
1585440000.0,131.08,132.17,123.69,124.22,39149838.15161,ETH-PERP,2020-03-29
1585526400.0,124.25,135.81,123.83,132.34,98804166.85168,ETH-PERP,2020-03-30
1585612800.0,132.33,135.4,130.39,132.91,58485251.39174,ETH-PERP,2020-03-31
1585699200.0,132.9,137.65,128.5,136.0,61469034.66216,ETH-PERP,2020-04-01
1585785600.0,136.01,150.82,135.46,141.38,98934742.20355,ETH-PERP,2020-04-02
1585872000.0,141.36,146.87,137.58,141.33,38924679.27012,ETH-PERP,2020-04-03
1585958400.0,141.33,146.7,138.89,144.28,20411110.11503,ETH-PERP,2020-04-04
1586044800.0,144.28,145.91,140.74,142.75,19545151.39688,ETH-PERP,2020-04-05
1586131200.0,142.77,172.2,142.26,171.34,97975475.9359,ETH-PERP,2020-04-06
1586217600.0,171.34,176.75,162.07,164.65,102821032.33371,ETH-PERP,2020-04-07
1586304000.0,164.65,174.77,163.66,173.37,70319430.19233,ETH-PERP,2020-04-08
1586390400.0,173.37,173.82,165.0,169.72,59622065.0631,ETH-PERP,2020-04-09
1586476800.0,169.68,170.35,152.04,157.95,69063037.09922,ETH-PERP,2020-04-10
1586563200.0,157.95,161.42,154.04,158.5,47164540.80051,ETH-PERP,2020-04-11
1586649600.0,158.5,165.45,155.19,158.85,38203505.53672,ETH-PERP,2020-04-12
1586736000.0,158.84,159.39,147.59,156.68,76792210.90802,ETH-PERP,2020-04-13
1586822400.0,156.68,162.12,155.49,158.47,46826523.75983,ETH-PERP,2020-04-14
1586908800.0,158.47,161.54,151.85,152.72,55446967.47664,ETH-PERP,2020-04-15
1586995200.0,152.72,175.37,148.35,172.51,136146137.76571,ETH-PERP,2020-04-16
1587081600.0,172.52,175.09,168.24,170.7,49628871.62462,ETH-PERP,2020-04-17
1587168000.0,170.7,189.92,170.57,187.64,72716064.10893,ETH-PERP,2020-04-18
1587254400.0,187.64,188.5,176.26,180.11,74008393.46439,ETH-PERP,2020-04-19
1587340800.0,180.11,186.82,165.76,170.39,133116978.92551,ETH-PERP,2020-04-20
1587427200.0,170.39,174.95,168.34,170.92,63395502.24749,ETH-PERP,2020-04-21
1587513600.0,170.92,184.55,169.89,183.05,65237950.1163,ETH-PERP,2020-04-22
1587600000.0,183.05,194.9,178.15,185.73,118661202.97063,ETH-PERP,2020-04-23
1587686400.0,185.73,190.12,184.8,187.75,69905913.08607,ETH-PERP,2020-04-24
1587772800.0,187.75,198.63,185.65,194.38,106463270.56508,ETH-PERP,2020-04-25
1587859200.0,194.27,200.39,192.41,197.74,81308348.17934,ETH-PERP,2020-04-26
1587945600.0,197.74,199.69,189.5,196.67,83564548.68451,ETH-PERP,2020-04-27
1588032000.0,196.67,197.96,192.35,196.56,65801331.99129,ETH-PERP,2020-04-28
1588118400.0,196.56,219.9,196.56,215.69,108036676.77654,ETH-PERP,2020-04-29
1588204800.0,215.69,227.67,201.95,206.35,139276255.30269,ETH-PERP,2020-04-30
1588291200.0,206.35,217.79,206.21,212.48,73296696.30147,ETH-PERP,2020-05-01
1588377600.0,212.47,215.92,210.78,214.32,61474921.62881,ETH-PERP,2020-05-02
1588464000.0,214.32,219.75,204.79,210.14,71145021.36391,ETH-PERP,2020-05-03
1588550400.0,210.14,211.03,195.09,206.93,87090548.11643,ETH-PERP,2020-05-04
1588636800.0,206.93,212.31,201.5,205.56,70799388.70881,ETH-PERP,2020-05-05
1588723200.0,205.56,211.37,198.11,199.17,73893351.10581,ETH-PERP,2020-05-06
1588809600.0,199.17,216.06,196.38,212.71,116402713.12814,ETH-PERP,2020-05-07
1588896000.0,212.71,217.21,207.21,211.51,78142863.89385,ETH-PERP,2020-05-08
1588982400.0,211.51,214.96,208.5,210.26,46307638.89959,ETH-PERP,2020-05-09
1589068800.0,210.26,210.28,178.2,187.66,144321563.49681,ETH-PERP,2020-05-10
1589155200.0,187.66,193.47,174.96,185.88,78702727.58925,ETH-PERP,2020-05-11
1589241600.0,185.87,192.37,185.54,189.86,50121902.27628,ETH-PERP,2020-05-12
1589328000.0,189.8,201.29,188.11,199.82,51017779.49675,ETH-PERP,2020-05-13
1589414400.0,199.82,206.33,195.6,203.25,71431370.86725,ETH-PERP,2020-05-14
1589500800.0,203.25,204.47,191.0,194.59,49620754.92662,ETH-PERP,2020-05-15
1589587200.0,194.59,203.83,193.11,200.54,47585235.08624,ETH-PERP,2020-05-16
1589673600.0,200.54,210.0,199.61,207.02,49913065.80172,ETH-PERP,2020-05-17
1589760000.0,207.02,217.2,207.02,214.74,71811717.16422,ETH-PERP,2020-05-18
1589846400.0,214.74,216.04,209.22,214.75,60156714.13024,ETH-PERP,2020-05-19
1589932800.0,214.75,215.75,206.01,209.85,49903896.91229,ETH-PERP,2020-05-20
1590019200.0,209.85,211.49,191.33,198.54,58144364.35304,ETH-PERP,2020-05-21
1590105600.0,198.54,209.27,196.02,207.39,58536592.14795,ETH-PERP,2020-05-22
1590192000.0,207.39,211.32,204.48,206.6,37361940.01146,ETH-PERP,2020-05-23
1590278400.0,206.6,210.75,199.22,199.62,50068420.80496,ETH-PERP,2020-05-24
1590364800.0,199.62,205.79,197.77,204.2,42296613.86388,ETH-PERP,2020-05-25
1590451200.0,204.19,205.03,196.52,200.87,39493477.06393,ETH-PERP,2020-05-26
1590537600.0,200.87,208.77,200.44,208.45,34402615.07942,ETH-PERP,2020-05-27
1590624000.0,208.45,220.86,204.41,220.44,53709548.20025,ETH-PERP,2020-05-28
1590710400.0,220.44,225.09,217.68,220.55,59317870.01868,ETH-PERP,2020-05-29
1590796800.0,220.55,247.64,218.73,243.89,134540457.92771,ETH-PERP,2020-05-30
1590883200.0,243.89,245.42,229.44,231.39,100446290.93601,ETH-PERP,2020-05-31
1590969600.0,231.39,252.46,230.51,249.23,107971900.50219,ETH-PERP,2020-06-01
1591056000.0,249.23,254.25,224.0,237.7,96543774.17587,ETH-PERP,2020-06-02
1591142400.0,237.7,245.57,233.3,244.89,69965772.65618,ETH-PERP,2020-06-03
1591228800.0,244.89,247.0,236.05,243.36,82303587.03526,ETH-PERP,2020-06-04
1591315200.0,243.36,248.41,238.58,240.0,70092486.51161,ETH-PERP,2020-06-05
1591401600.0,240.0,244.77,237.55,242.21,45557950.45384,ETH-PERP,2020-06-06
1591488000.0,242.21,245.64,234.67,244.85,51314050.32141,ETH-PERP,2020-06-07
1591574400.0,244.85,248.21,240.64,246.71,45399367.90747,ETH-PERP,2020-06-08
1591660800.0,246.71,250.26,238.0,244.08,45112440.36929,ETH-PERP,2020-06-09
1591747200.0,244.08,250.8,241.6,248.06,46950535.16432,ETH-PERP,2020-06-10
1591833600.0,248.06,250.49,225.31,230.35,98696795.0377,ETH-PERP,2020-06-11
1591920000.0,230.35,239.56,228.15,237.72,65380059.2031,ETH-PERP,2020-06-12
1592006400.0,237.72,239.0,234.68,238.26,36244305.64572,ETH-PERP,2020-06-13
1592092800.0,238.26,238.68,229.87,231.75,33956021.2289,ETH-PERP,2020-06-14
1592179200.0,231.75,233.73,217.77,231.02,98047443.18038,ETH-PERP,2020-06-15
1592265600.0,231.02,236.16,228.8,235.33,51742074.27184,ETH-PERP,2020-06-16
1592352000.0,235.33,237.4,227.52,233.7,50838025.80926,ETH-PERP,2020-06-17
1592438400.0,233.7,234.75,227.63,231.08,32735907.84555,ETH-PERP,2020-06-18
1592524800.0,231.08,231.88,226.18,228.7,43672911.36804,ETH-PERP,2020-06-19
1592611200.0,228.7,230.61,225.12,228.83,26382124.97169,ETH-PERP,2020-06-20
1592697600.0,228.83,231.38,226.79,227.88,21479717.41958,ETH-PERP,2020-06-21
1592784000.0,227.88,247.14,227.32,243.22,98185446.09512,ETH-PERP,2020-06-22
1592870400.0,243.22,245.18,240.71,243.11,50216140.18976,ETH-PERP,2020-06-23
1592956800.0,243.11,249.4,230.58,234.16,88184450.16065,ETH-PERP,2020-06-24
1593043200.0,234.16,235.44,227.06,232.37,51317945.38721,ETH-PERP,2020-06-25
1593129600.0,232.37,233.37,227.4,229.48,45755923.32008,ETH-PERP,2020-06-26
1593216000.0,229.48,231.14,214.73,220.84,50464591.5476,ETH-PERP,2020-06-27
1593302400.0,220.84,227.89,217.75,224.96,38332762.24653,ETH-PERP,2020-06-28
1593388800.0,224.96,230.09,221.06,228.0,41693524.63804,ETH-PERP,2020-06-29
1593475200.0,228.0,228.94,222.94,225.6,30125429.81072,ETH-PERP,2020-06-30
1593561600.0,225.6,232.9,224.1,231.23,38282286.53925,ETH-PERP,2020-07-01
1593648000.0,231.23,232.2,222.62,226.5,49850184.35889,ETH-PERP,2020-07-02
1593734400.0,226.5,228.37,224.19,224.89,30409973.99807,ETH-PERP,2020-07-03
1593820800.0,224.88,231.0,223.99,229.36,21082513.83035,ETH-PERP,2020-07-04
1593907200.0,229.36,230.12,223.39,227.78,31181083.27027,ETH-PERP,2020-07-05
1593993600.0,227.78,242.33,227.06,241.89,53944563.18303,ETH-PERP,2020-07-06
1594080000.0,241.88,243.94,234.53,239.43,49911122.71693,ETH-PERP,2020-07-07
1594166400.0,239.43,249.25,237.89,247.25,59230890.73322,ETH-PERP,2020-07-08
1594252800.0,247.25,247.84,237.74,242.03,52241768.533,ETH-PERP,2020-07-09
1594339200.0,242.03,242.1,235.74,241.42,35161997.44324,ETH-PERP,2020-07-10
1594425600.0,241.42,241.87,237.41,239.18,19023333.89469,ETH-PERP,2020-07-11
1594512000.0,239.18,244.35,236.4,243.0,34717116.7049,ETH-PERP,2020-07-12
1594598400.0,243.0,245.59,237.14,239.41,44410470.46374,ETH-PERP,2020-07-13
1594684800.0,239.34,242.25,236.75,240.54,36265451.89317,ETH-PERP,2020-07-14
1594771200.0,240.54,241.59,236.62,238.51,27112587.13521,ETH-PERP,2020-07-15
1594857600.0,238.51,239.42,229.4,233.5,38723018.78327,ETH-PERP,2020-07-16
1594944000.0,233.5,234.97,231.7,232.73,22469997.30667,ETH-PERP,2020-07-17
1595030400.0,232.73,237.24,232.18,235.79,17665275.14793,ETH-PERP,2020-07-18
1595116800.0,235.79,240.1,233.29,239.47,24878139.28383,ETH-PERP,2020-07-19
1595203200.0,239.47,240.45,234.0,235.96,27881335.27706,ETH-PERP,2020-07-20
1595289600.0,235.96,247.46,235.52,245.91,49390680.74451,ETH-PERP,2020-07-21
1595376000.0,245.91,270.92,241.7,264.75,73421239.01547,ETH-PERP,2020-07-22
1595462400.0,264.75,280.91,259.72,275.56,130242261.19196,ETH-PERP,2020-07-23
1595548800.0,275.56,288.08,268.23,279.86,124038407.4168,ETH-PERP,2020-07-24
1595635200.0,279.86,309.64,279.8,305.85,171175213.79271,ETH-PERP,2020-07-25
1595721600.0,305.85,322.07,300.43,311.76,182410858.33047,ETH-PERP,2020-07-26
1595808000.0,311.75,335.75,310.9,323.12,259489849.68529,ETH-PERP,2020-07-27
1595894400.0,323.12,328.16,306.31,317.74,141395003.95721,ETH-PERP,2020-07-28
1595980800.0,317.74,326.26,313.15,318.31,121436003.33232,ETH-PERP,2020-07-29
1596067200.0,318.31,343.82,315.0,335.77,129179686.59035,ETH-PERP,2020-07-30
1596153600.0,335.76,350.16,328.45,347.0,136207432.82312,ETH-PERP,2020-07-31
1596240000.0,347.0,395.0,343.83,388.3,217758746.11794,ETH-PERP,2020-08-01
1596326400.0,388.3,420.87,334.53,372.7,303470720.94687,ETH-PERP,2020-08-02
1596412800.0,372.7,398.89,366.49,386.62,178753836.00471,ETH-PERP,2020-08-03
1596499200.0,386.62,404.7,380.41,390.31,176081580.77418,ETH-PERP,2020-08-04
1596585600.0,390.33,408.13,383.84,401.37,117880786.26129,ETH-PERP,2020-08-05
1596672000.0,401.37,404.77,390.0,395.16,97039787.47492,ETH-PERP,2020-08-06
1596758400.0,395.16,398.83,361.39,379.73,135527422.35813,ETH-PERP,2020-08-07
1596844800.0,379.73,398.13,376.5,397.98,78278173.26034,ETH-PERP,2020-08-08
1596931200.0,397.98,404.0,382.52,390.65,79260542.50617,ETH-PERP,2020-08-09
1597017600.0,390.65,401.22,376.0,396.16,79015429.11525,ETH-PERP,2020-08-10
1597104000.0,396.16,398.99,366.89,378.88,105578083.31983,ETH-PERP,2020-08-11
1597190400.0,378.88,389.8,365.81,387.61,85856398.77643,ETH-PERP,2020-08-12
1597276800.0,387.61,433.16,376.63,426.13,210487223.37451,ETH-PERP,2020-08-13
1597363200.0,426.13,445.53,419.0,439.24,186560491.02404,ETH-PERP,2020-08-14
1597449600.0,439.24,443.99,426.86,433.32,112122080.40546,ETH-PERP,2020-08-15
1597536000.0,433.35,437.8,412.05,434.31,150535360.22095,ETH-PERP,2020-08-16
1597622400.0,434.31,449.0,421.0,432.07,127336284.40998,ETH-PERP,2020-08-17
1597708800.0,432.06,434.86,414.05,422.57,80452715.05241,ETH-PERP,2020-08-18
1597795200.0,422.57,427.24,393.3,407.87,124619232.77953,ETH-PERP,2020-08-19
1597881600.0,407.87,419.62,402.19,416.32,101792922.11061,ETH-PERP,2020-08-20
1597968000.0,416.32,419.11,385.0,388.13,155408018.61844,ETH-PERP,2020-08-21
1598054400.0,388.13,397.43,379.77,395.71,130048364.68855,ETH-PERP,2020-08-22
1598140800.0,395.71,397.53,383.43,391.17,106891142.65436,ETH-PERP,2020-08-23
1598227200.0,391.2,410.66,388.0,407.99,97392935.56849,ETH-PERP,2020-08-24
1598313600.0,407.98,409.86,370.0,383.14,165702542.38087,ETH-PERP,2020-08-25
1598400000.0,383.14,393.56,377.66,386.19,115997186.6234,ETH-PERP,2020-08-26
1598486400.0,386.19,397.61,371.0,383.43,127513017.98792,ETH-PERP,2020-08-27
1598572800.0,383.42,399.3,379.89,395.38,89714691.85992,ETH-PERP,2020-08-28
1598659200.0,395.23,406.16,392.16,398.74,93199050.3268,ETH-PERP,2020-08-29
1598745600.0,398.74,430.29,398.1,429.16,122543342.24749,ETH-PERP,2020-08-30
1598832000.0,429.05,439.62,418.24,434.1,166855731.03011,ETH-PERP,2020-08-31
1598918400.0,434.1,490.0,429.69,475.99,304901162.30784,ETH-PERP,2020-09-01
1599004800.0,475.82,482.29,412.88,439.46,416183983.48823,ETH-PERP,2020-09-02
1599091200.0,439.46,450.75,371.33,381.87,393412482.35918,ETH-PERP,2020-09-03
1599177600.0,381.87,400.86,355.2,385.54,293365953.37484,ETH-PERP,2020-09-04
1599264000.0,385.54,395.48,307.0,335.03,473665626.84442,ETH-PERP,2020-09-05
1599350400.0,335.03,360.25,316.37,352.87,269679654.27291,ETH-PERP,2020-09-06
1599436800.0,352.87,358.59,323.23,353.76,175299152.32452,ETH-PERP,2020-09-07
1599523200.0,353.83,356.75,325.0,337.25,193699416.39916,ETH-PERP,2020-09-08
1599609600.0,337.25,359.42,330.53,350.65,198993474.40737,ETH-PERP,2020-09-09
1599696000.0,350.64,377.4,350.0,367.71,215857864.44833,ETH-PERP,2020-09-10
1599782400.0,367.71,375.22,355.54,373.87,145375833.79171,ETH-PERP,2020-09-11
1599868800.0,373.87,388.31,364.87,388.02,107329081.68158,ETH-PERP,2020-09-12
1599955200.0,388.02,390.71,353.01,366.43,144578848.15194,ETH-PERP,2020-09-13
1600041600.0,366.32,384.98,355.0,377.49,166081698.72713,ETH-PERP,2020-09-14
1600128000.0,377.49,382.75,362.58,364.13,124160342.58018,ETH-PERP,2020-09-15
1600214400.0,364.13,374.0,355.0,364.85,155828757.94935,ETH-PERP,2020-09-16
1600300800.0,364.85,394.12,362.95,388.86,208013293.85386,ETH-PERP,2020-09-17
1600387200.0,388.86,392.3,375.0,384.18,106455548.23829,ETH-PERP,2020-09-18
1600473600.0,384.18,388.52,376.8,385.21,74554561.87367,ETH-PERP,2020-09-19
1600560000.0,385.21,385.53,364.37,370.9,85969714.74052,ETH-PERP,2020-09-20
1600646400.0,370.9,376.92,330.61,340.26,190816830.43153,ETH-PERP,2020-09-21
1600732800.0,340.26,346.91,335.51,344.3,124976606.98334,ETH-PERP,2020-09-22
1600819200.0,344.3,345.28,312.83,320.6,148399580.52324,ETH-PERP,2020-09-23
1600905600.0,320.59,354.04,316.41,348.86,216085478.42297,ETH-PERP,2020-09-24
1600992000.0,348.86,358.16,337.61,352.1,151160562.67624,ETH-PERP,2020-09-25
1601078400.0,352.1,356.78,345.96,354.14,88008789.59962,ETH-PERP,2020-09-26
1601164800.0,354.14,362.5,347.01,357.56,113877714.31075,ETH-PERP,2020-09-27
1601251200.0,357.46,368.39,351.0,352.97,128434287.6427,ETH-PERP,2020-09-28
1601337600.0,352.89,360.64,349.63,359.9,104618205.01233,ETH-PERP,2020-09-29
1601424000.0,359.9,361.81,351.22,359.95,75006166.91971,ETH-PERP,2020-09-30
1601510400.0,359.95,371.24,345.01,352.37,117400883.88152,ETH-PERP,2020-10-01
1601596800.0,352.37,354.21,334.07,345.58,133417565.33387,ETH-PERP,2020-10-02
1601683200.0,345.59,351.06,343.5,345.95,51655953.11118,ETH-PERP,2020-10-03
1601769600.0,345.95,354.61,343.77,352.41,54881086.52988,ETH-PERP,2020-10-04
1601856000.0,352.41,356.74,348.36,353.68,69593260.20226,ETH-PERP,2020-10-05
1601942400.0,353.68,355.43,336.45,340.58,120895208.18292,ETH-PERP,2020-10-06
1602028800.0,340.58,342.98,332.39,341.59,92341738.05433,ETH-PERP,2020-10-07
1602115200.0,341.59,353.9,333.9,351.24,108563626.97497,ETH-PERP,2020-10-08
1602201600.0,351.25,368.38,347.24,365.07,114070365.58278,ETH-PERP,2020-10-09
1602288000.0,365.07,378.82,364.87,370.75,128749633.68538,ETH-PERP,2020-10-10
1602374400.0,370.75,378.13,369.16,374.16,92856408.42553,ETH-PERP,2020-10-11
1602460800.0,374.16,396.02,364.54,386.8,154663543.67327,ETH-PERP,2020-10-12
1602547200.0,386.8,388.2,374.34,381.12,133682595.04379,ETH-PERP,2020-10-13
1602633600.0,381.12,388.53,372.91,378.89,113403682.55773,ETH-PERP,2020-10-14
1602720000.0,378.89,382.25,370.0,378.23,102751746.1573,ETH-PERP,2020-10-15
1602806400.0,377.99,380.19,361.1,365.59,132442651.61399,ETH-PERP,2020-10-16
1602892800.0,365.59,370.66,363.39,368.49,66148275.52209,ETH-PERP,2020-10-17
1602979200.0,368.49,378.9,367.29,378.41,58982953.5334,ETH-PERP,2020-10-18
1603065600.0,378.41,384.81,372.72,379.58,101563489.19075,ETH-PERP,2020-10-19
1603152000.0,379.58,381.13,365.0,368.86,134396867.13055,ETH-PERP,2020-10-20
1603238400.0,368.86,402.86,367.7,391.48,263811040.4287,ETH-PERP,2020-10-21
1603324800.0,391.48,422.39,391.33,414.77,271934607.75637,ETH-PERP,2020-10-22
1603411200.0,414.77,419.69,402.03,409.74,172656313.55153,ETH-PERP,2020-10-23
1603497600.0,409.82,417.5,407.44,412.54,109024390.03734,ETH-PERP,2020-10-24
1603584000.0,412.54,418.18,402.59,406.35,112782251.9727,ETH-PERP,2020-10-25
1603670400.0,406.35,411.56,382.1,392.37,222503827.11358,ETH-PERP,2020-10-26
1603756800.0,392.33,411.01,390.03,403.55,204615991.04032,ETH-PERP,2020-10-27
1603843200.0,403.55,409.73,379.85,388.47,257708631.38002,ETH-PERP,2020-10-28
1603929600.0,388.47,394.55,380.84,387.32,143433841.60214,ETH-PERP,2020-10-29
1604016000.0,387.32,392.5,373.37,382.78,156949033.44432,ETH-PERP,2020-10-30
1604102400.0,382.78,394.43,380.61,386.56,113200152.55,ETH-PERP,2020-10-31
1604188800.0,386.49,398.34,384.59,397.18,119150193.32427,ETH-PERP,2020-11-01
1604275200.0,397.22,405.0,378.15,383.51,205463093.21226,ETH-PERP,2020-11-02
1604361600.0,383.51,390.94,370.4,388.67,168418792.42559,ETH-PERP,2020-11-03
1604448000.0,388.73,409.28,376.84,403.7,241704732.94569,ETH-PERP,2020-11-04
1604534400.0,403.56,422.27,395.84,417.41,327509412.2985,ETH-PERP,2020-11-05
1604620800.0,417.51,459.46,415.27,456.79,427953737.91042,ETH-PERP,2020-11-06
1604707200.0,456.78,469.62,424.12,435.9,488732963.65449,ETH-PERP,2020-11-07
1604793600.0,435.9,461.74,432.65,455.18,230606651.76653,ETH-PERP,2020-11-08
1604880000.0,455.08,460.27,434.0,444.88,365321440.41659,ETH-PERP,2020-11-09
1604966400.0,444.88,455.92,439.08,450.95,219168521.98836,ETH-PERP,2020-11-10
1605052800.0,450.95,478.01,450.01,463.68,431013738.02219,ETH-PERP,2020-11-11
1605139200.0,463.68,471.19,452.0,463.21,291928735.74256,ETH-PERP,2020-11-12
1605225600.0,463.21,479.0,457.33,477.26,249701546.41692,ETH-PERP,2020-11-13
1605312000.0,477.26,478.55,452.11,461.2,199932534.93721,ETH-PERP,2020-11-14
1605398400.0,461.2,463.5,440.6,448.25,217952640.61819,ETH-PERP,2020-11-15
1605484800.0,448.25,466.85,445.74,461.02,219229932.97217,ETH-PERP,2020-11-16
1605571200.0,461.02,486.17,460.44,483.35,307082242.81541,ETH-PERP,2020-11-17
1605657600.0,483.35,497.02,453.66,479.17,397894489.79886,ETH-PERP,2020-11-18
1605744000.0,479.17,481.25,465.35,471.71,175972719.52011,ETH-PERP,2020-11-19
1605830400.0,471.71,514.8,471.18,510.48,390477810.05076,ETH-PERP,2020-11-20
1605916800.0,510.48,554.73,503.0,553.78,497094244.84193,ETH-PERP,2020-11-21
1606003200.0,553.78,582.91,511.55,561.6,758846199.71145,ETH-PERP,2020-11-22
1606089600.0,561.6,612.29,551.6,609.91,813978026.62576,ETH-PERP,2020-11-23
1606176000.0,609.91,625.06,587.96,606.23,681510818.22619,ETH-PERP,2020-11-24
1606262400.0,606.23,607.19,555.72,569.82,444637893.58005,ETH-PERP,2020-11-25
1606348800.0,569.82,577.39,480.52,520.39,1128667682.3353,ETH-PERP,2020-11-26
1606435200.0,520.39,531.2,493.46,519.18,354990573.09261,ETH-PERP,2020-11-27
1606521600.0,519.18,548.48,507.13,537.96,204998693.60516,ETH-PERP,2020-11-28
1606608000.0,537.96,578.39,531.0,576.99,299915124.67841,ETH-PERP,2020-11-29
1606694400.0,576.99,618.0,571.27,618.0,478598577.36231,ETH-PERP,2020-11-30
1606780800.0,618.0,638.8,561.0,585.86,639526448.78543,ETH-PERP,2020-12-01
1606867200.0,585.86,606.11,574.47,597.1,374115196.82507,ETH-PERP,2020-12-02
1606953600.0,597.1,625.9,586.18,617.0,313545183.84424,ETH-PERP,2020-12-03
1607040000.0,617.0,621.1,565.5,567.51,380097872.20114,ETH-PERP,2020-12-04
1607126400.0,567.51,598.29,561.31,597.32,201578973.6443,ETH-PERP,2020-12-05
1607212800.0,597.32,608.28,582.87,602.14,224226021.25321,ETH-PERP,2020-12-06
1607299200.0,602.14,603.96,584.44,591.79,178104805.30907,ETH-PERP,2020-12-07
1607385600.0,591.79,596.01,548.51,554.68,313387535.24994,ETH-PERP,2020-12-08
1607472000.0,554.68,578.26,530.29,573.57,364399961.67358,ETH-PERP,2020-12-09
1607558400.0,573.57,576.97,548.5,559.61,297294598.14364,ETH-PERP,2020-12-10
1607644800.0,559.59,561.09,535.35,544.52,399709870.54981,ETH-PERP,2020-12-11
1607731200.0,544.52,574.72,541.95,568.59,209235798.65567,ETH-PERP,2020-12-12
1607817600.0,568.59,596.41,563.55,591.0,238322911.22288,ETH-PERP,2020-12-13
1607904000.0,591.0,592.41,575.82,586.35,277007415.63223,ETH-PERP,2020-12-14
1607990400.0,586.35,598.09,579.0,589.37,196876685.38037,ETH-PERP,2020-12-15
1608076800.0,589.37,641.06,581.2,638.54,487809479.95067,ETH-PERP,2020-12-16
1608163200.0,638.54,678.67,626.27,643.8,730517031.81306,ETH-PERP,2020-12-17
1608249600.0,643.8,665.93,630.04,655.16,428699539.1523,ETH-PERP,2020-12-18
1608336000.0,655.16,672.82,646.64,659.54,334272006.36576,ETH-PERP,2020-12-19
1608422400.0,659.54,663.0,621.71,638.52,357859320.94645,ETH-PERP,2020-12-20
1608508800.0,638.52,648.99,595.08,608.0,540650458.42748,ETH-PERP,2020-12-21
1608595200.0,608.0,639.02,587.74,637.41,411719834.61272,ETH-PERP,2020-12-22
1608681600.0,637.41,639.12,550.93,585.3,591194373.78974,ETH-PERP,2020-12-23
1608768000.0,585.3,615.25,564.62,612.23,339150598.4094,ETH-PERP,2020-12-24
1608854400.0,612.23,634.89,603.91,626.99,279265540.55596,ETH-PERP,2020-12-25
1608940800.0,626.99,653.83,615.17,637.49,377934284.93773,ETH-PERP,2020-12-26
1609027200.0,637.49,717.6,623.95,685.25,810039859.09535,ETH-PERP,2020-12-27
1609113600.0,685.25,748.6,681.92,730.29,717920708.08223,ETH-PERP,2020-12-28
1609200000.0,730.29,740.98,689.23,732.91,664305652.93221,ETH-PERP,2020-12-29
1609286400.0,732.91,760.0,716.79,753.67,468474331.39106,ETH-PERP,2020-12-30
1609372800.0,753.67,756.99,722.0,737.14,485932549.65174,ETH-PERP,2020-12-31
1609459200.0,737.14,750.8,713.28,730.43,377250475.34734,ETH-PERP,2021-01-01
1609545600.0,730.43,790.31,716.42,775.34,770120946.14408,ETH-PERP,2021-01-02
1609632000.0,775.09,1022.65,770.54,982.91,2054540132.83688,ETH-PERP,2021-01-03
1609718400.0,982.91,1176.14,886.61,1045.45,3175209899.79909,ETH-PERP,2021-01-04
1609804800.0,1045.45,1141.33,975.11,1105.28,2212056907.57049,ETH-PERP,2021-01-05
1609891200.0,1105.28,1220.0,1058.1,1214.37,2122049279.88399,ETH-PERP,2021-01-06
1609977600.0,1214.37,1297.72,1142.88,1227.77,1814734763.91026,ETH-PERP,2021-01-07
1610064000.0,1227.77,1278.92,1061.35,1217.1,1957969503.41358,ETH-PERP,2021-01-08
1610150400.0,1217.4,1314.4,1171.0,1284.6,1440158528.86013,ETH-PERP,2021-01-09
1610236800.0,1284.6,1358.9,1167.8,1259.4,1842196292.35466,ETH-PERP,2021-01-10
1610323200.0,1259.9,1267.4,913.0,1088.7,3384964188.97439,ETH-PERP,2021-01-11
1610409600.0,1088.6,1154.3,1007.6,1050.5,1301579820.5073,ETH-PERP,2021-01-12
1610496000.0,1050.5,1138.7,986.3,1130.9,844425151.7992,ETH-PERP,2021-01-13
1610582400.0,1130.9,1248.8,1087.0,1233.0,989239775.8626,ETH-PERP,2021-01-14
1610668800.0,1233.0,1258.6,1061.8,1167.6,1414473487.1788,ETH-PERP,2021-01-15
1610755200.0,1167.6,1296.0,1151.3,1229.3,1194723474.9188,ETH-PERP,2021-01-16
1610841600.0,1229.3,1271.9,1164.5,1233.9,929488013.6484,ETH-PERP,2021-01-17
1610928000.0,1233.9,1265.0,1181.5,1262.4,793586059.5317,ETH-PERP,2021-01-18
1611014400.0,1262.4,1446.8,1255.2,1368.0,2695107279.65863,ETH-PERP,2021-01-19
1611100800.0,1368.0,1411.5,1233.6,1379.9,1982953973.4304,ETH-PERP,2021-01-20
1611187200.0,1379.6,1390.9,1081.5,1108.3,2327435177.3763,ETH-PERP,2021-01-21
1611273600.0,1108.3,1275.4,1037.8,1234.6,1815168582.8848,ETH-PERP,2021-01-22
1611360000.0,1234.6,1274.8,1197.7,1236.2,806154978.2438,ETH-PERP,2021-01-23
1611446400.0,1236.2,1338.0,1223.3,1321.5,417044069.8413,ETH-PERP,2021-01-24
