,Date Time,Open,High,Low,Close,Volume
0,2021-01-26 07:34:00,1324.4,1327.7,1324.3,1326.8,478706.9011
1,2021-01-26 07:35:00,1326.6,1326.6,1318.2,1318.5,961734.0573
2,2021-01-26 07:36:00,1318.5,1319.0,1313.5,1318.0,2505637.2288
3,2021-01-26 07:37:00,1318.0,1325.0,1317.9,1321.3,1076061.7915
4,2021-01-26 07:38:00,1321.3,1323.6,1318.2,1319.6,894121.1523
5,2021-01-26 07:39:00,1319.6,1320.8,1316.5,1320.8,736851.6326
6,2021-01-26 07:40:00,1320.8,1324.9,1317.1,1317.1,6988974.2328
7,2021-01-26 07:41:00,1317.0,1317.4,1309.4,1309.6,5188826.6518
8,2021-01-26 07:42:00,1309.5,1312.5,1308.3,1310.1,6965163.6828
9,2021-01-26 07:43:00,1310.4,1310.7,1300.6,1301.5,13680144.8477
10,2021-01-26 07:44:00,1301.1,1306.0,1300.5,1301.3,8818058.9104
11,2021-01-26 07:45:00,1301.2,1306.0,1298.1,1299.2,4790504.5927
12,2021-01-26 07:46:00,1299.2,1302.4,1294.2,1296.0,4125023.7125
13,2021-01-26 07:47:00,1295.9,1299.6,1295.9,1298.3,1251521.8011
14,2021-01-26 07:48:00,1298.3,1305.0,1297.8,1302.2,5751627.771
15,2021-01-26 07:49:00,1302.2,1303.0,1298.6,1302.8,1666058.6849
16,2021-01-26 07:50:00,1302.8,1310.3,1302.8,1307.3,2704319.1786
17,2021-01-26 07:51:00,1307.3,1310.9,1303.9,1310.4,2813788.5366
18,2021-01-26 07:52:00,1310.4,1314.5,1310.2,1312.7,2255494.8825
19,2021-01-26 07:53:00,1312.7,1312.7,1310.1,1311.5,969796.0811
20,2021-01-26 07:54:00,1311.5,1312.3,1309.0,1310.5,1158745.3239
21,2021-01-26 07:55:00,1310.5,1319.8,1309.4,1316.0,3210609.9542
22,2021-01-26 07:56:00,1316.0,1316.6,1313.7,1315.0,708862.8313
23,2021-01-26 07:57:00,1314.9,1316.4,1312.6,1313.7,534226.5621
24,2021-01-26 07:58:00,1313.7,1315.0,1312.2,1314.2,750150.5905
25,2021-01-26 07:59:00,1314.2,1314.2,1310.8,1311.8,1485722.2164
26,2021-01-26 08:00:00,1311.8,1322.3,1305.0,1321.1,5928714.9092
27,2021-01-26 08:01:00,1321.8,1326.1,1321.1,1324.4,3470326.1228
28,2021-01-26 08:02:00,1324.4,1326.4,1324.1,1325.6,890288.3638
29,2021-01-26 08:03:00,1325.6,1325.6,1321.9,1322.7,524271.4709
30,2021-01-26 08:04:00,1322.7,1324.1,1320.4,1322.4,812593.1745
31,2021-01-26 08:05:00,1322.4,1327.0,1321.6,1327.0,1438022.2848
32,2021-01-26 08:06:00,1327.1,1330.4,1326.2,1329.5,2561454.0572
33,2021-01-26 08:07:00,1329.5,1329.7,1326.8,1327.1,982537.1373
34,2021-01-26 08:08:00,1327.1,1331.5,1326.9,1330.2,1141816.9016
35,2021-01-26 08:09:00,1330.3,1332.0,1325.9,1325.9,1086034.1358
36,2021-01-26 08:10:00,1325.9,1328.4,1324.5,1324.9,696451.4438
37,2021-01-26 08:11:00,1324.9,1325.1,1322.9,1324.2,1059866.5246
38,2021-01-26 08:12:00,1324.1,1324.3,1320.8,1321.0,944693.6023
39,2021-01-26 08:13:00,1321.1,1325.5,1319.1,1319.8,2169342.2613
40,2021-01-26 08:14:00,1319.9,1322.8,1318.3,1321.3,1206185.2912
41,2021-01-26 08:15:00,1321.3,1324.5,1320.6,1324.4,482785.0766
42,2021-01-26 08:16:00,1324.4,1325.8,1324.2,1324.8,332702.0865
43,2021-01-26 08:17:00,1324.8,1330.6,1324.4,1329.4,1928677.9352
44,2021-01-26 08:18:00,1329.4,1329.7,1324.7,1325.1,439895.6733
45,2021-01-26 08:19:00,1325.1,1325.7,1320.7,1322.2,1015657.1902
46,2021-01-26 08:20:00,1321.8,1322.5,1319.7,1320.6,809442.3671
47,2021-01-26 08:21:00,1320.6,1325.2,1320.6,1324.9,747771.6972
48,2021-01-26 08:22:00,1324.9,1328.7,1324.9,1328.1,607931.5309
49,2021-01-26 08:23:00,1328.1,1328.2,1323.6,1327.0,466749.3128
50,2021-01-26 08:24:00,1326.9,1327.0,1323.8,1324.6,285755.0115
51,2021-01-26 08:25:00,1324.6,1329.0,1324.6,1324.9,1047016.1072
52,2021-01-26 08:26:00,1324.9,1326.1,1323.2,1323.8,712248.5663
53,2021-01-26 08:27:00,1323.8,1326.2,1322.2,1326.2,370710.3987
54,2021-01-26 08:28:00,1326.2,1326.2,1321.3,1322.3,250152.0841
55,2021-01-26 08:29:00,1322.3,1324.8,1321.2,1324.3,256850.8081
56,2021-01-26 08:30:00,1324.3,1325.0,1319.6,1320.0,343091.8
57,2021-01-26 08:31:00,1320.0,1321.5,1316.3,1319.0,1979958.4694
58,2021-01-26 08:32:00,1318.9,1319.3,1317.1,1317.5,346283.0138
59,2021-01-26 08:33:00,1317.4,1318.9,1316.9,1317.9,239688.5806
60,2021-01-26 08:34:00,1317.9,1319.4,1316.8,1318.0,208982.4396
61,2021-01-26 08:35:00,1317.9,1320.2,1316.7,1318.6,813155.5833
62,2021-01-26 08:36:00,1318.6,1318.7,1316.6,1317.2,376784.72
63,2021-01-26 08:37:00,1317.2,1320.3,1317.2,1320.1,656704.8728
64,2021-01-26 08:38:00,1320.1,1321.4,1318.1,1320.3,1898209.0755
65,2021-01-26 08:39:00,1320.3,1322.3,1319.7,1322.0,516936.7856
66,2021-01-26 08:40:00,1322.0,1328.0,1321.7,1327.7,1088272.5173
67,2021-01-26 08:41:00,1327.7,1329.0,1326.2,1326.2,434656.3334
68,2021-01-26 08:42:00,1326.2,1328.8,1325.9,1328.3,200597.7007
69,2021-01-26 08:43:00,1328.2,1328.6,1326.3,1328.5,282364.2403
70,2021-01-26 08:44:00,1328.5,1331.1,1327.8,1329.0,2007450.7985
71,2021-01-26 08:45:00,1329.0,1329.2,1323.7,1324.1,1304178.9183
72,2021-01-26 08:46:00,1324.1,1325.5,1323.0,1324.1,1068967.879
73,2021-01-26 08:47:00,1324.1,1326.1,1324.1,1326.1,119381.9003
74,2021-01-26 08:48:00,1326.1,1329.4,1326.1,1328.1,634196.2987
75,2021-01-26 08:49:00,1328.1,1332.1,1328.1,1330.3,514040.5268
76,2021-01-26 08:50:00,1330.3,1331.5,1329.6,1330.8,906980.9224
77,2021-01-26 08:51:00,1330.8,1331.0,1329.3,1329.8,247498.4465
78,2021-01-26 08:52:00,1329.8,1337.0,1329.5,1334.0,4914666.7643
79,2021-01-26 08:53:00,1333.9,1339.7,1333.0,1339.4,5569277.0886
80,2021-01-26 08:54:00,1339.4,1349.0,1336.4,1346.7,6316693.7511
81,2021-01-26 08:55:00,1346.7,1349.6,1343.7,1345.8,3181789.8577
82,2021-01-26 08:56:00,1345.8,1346.6,1339.2,1342.2,2944935.111
83,2021-01-26 08:57:00,1342.2,1345.4,1341.6,1342.2,1134620.6906
84,2021-01-26 08:58:00,1342.2,1343.0,1341.0,1341.7,602063.2259
85,2021-01-26 08:59:00,1341.7,1341.8,1339.2,1339.2,256132.1414
86,2021-01-26 09:00:00,1339.2,1342.2,1338.8,1339.5,385588.1805
87,2021-01-26 09:01:00,1339.5,1339.6,1335.2,1335.2,1099544.5904
88,2021-01-26 09:02:00,1335.2,1337.2,1335.1,1336.6,284057.6275
89,2021-01-26 09:03:00,1336.6,1339.9,1336.5,1338.7,413413.9175
90,2021-01-26 09:04:00,1338.6,1338.9,1337.4,1337.8,515633.7848
91,2021-01-26 09:05:00,1337.8,1338.5,1336.1,1337.3,407498.5653
92,2021-01-26 09:06:00,1337.3,1337.3,1333.4,1333.4,196476.855
93,2021-01-26 09:07:00,1333.4,1338.3,1333.2,1334.3,1529952.7678
94,2021-01-26 09:08:00,1334.3,1337.0,1333.8,1334.3,693625.8511
95,2021-01-26 09:09:00,1334.3,1337.4,1333.8,1333.9,444515.0394
96,2021-01-26 09:10:00,1333.9,1336.6,1333.9,1334.3,207859.0257
97,2021-01-26 09:11:00,1334.3,1334.3,1333.1,1333.6,321929.4945
98,2021-01-26 09:12:00,1333.6,1335.1,1331.8,1333.4,254056.1733
99,2021-01-26 09:13:00,1333.4,1334.0,1332.6,1333.6,127566.9518
100,2021-01-26 09:14:00,1333.6,1336.9,1332.8,1336.2,234561.6609
101,2021-01-26 09:15:00,1336.2,1336.5,1333.7,1333.9,248103.9904
102,2021-01-26 09:16:00,1333.9,1338.4,1333.4,1338.4,345520.4283
103,2021-01-26 09:17:00,1338.4,1340.2,1337.0,1339.5,416663.5198
104,2021-01-26 09:18:00,1339.5,1339.7,1336.7,1336.9,223182.6419
105,2021-01-26 09:19:00,1336.9,1339.9,1336.2,1339.3,321078.5666
106,2021-01-26 09:20:00,1339.3,1341.1,1337.0,1337.5,1003336.8847
107,2021-01-26 09:21:00,1337.5,1337.6,1333.1,1333.8,175220.1671
108,2021-01-26 09:22:00,1333.8,1333.8,1327.7,1329.5,601721.2808
109,2021-01-26 09:23:00,1329.5,1330.4,1325.3,1327.0,663745.7709
110,2021-01-26 09:24:00,1327.0,1331.3,1326.2,1329.6,1200480.6826
111,2021-01-26 09:25:00,1329.6,1331.5,1326.9,1331.5,447772.2602
112,2021-01-26 09:26:00,1331.5,1335.0,1331.1,1335.0,173747.256
113,2021-01-26 09:27:00,1335.0,1335.9,1331.8,1333.0,435126.7353
114,2021-01-26 09:28:00,1333.0,1333.0,1328.8,1330.4,795848.7906
115,2021-01-26 09:29:00,1330.4,1331.6,1329.1,1330.8,161535.3106
116,2021-01-26 09:30:00,1330.8,1331.6,1328.6,1330.0,184882.8027
117,2021-01-26 09:31:00,1330.0,1333.7,1329.7,1333.6,260284.7559
118,2021-01-26 09:32:00,1333.6,1334.5,1330.8,1333.7,257172.9134
119,2021-01-26 09:33:00,1333.7,1334.4,1331.2,1334.4,233099.7067
120,2021-01-26 09:34:00,1334.4,1336.6,1332.8,1336.2,142866.085
121,2021-01-26 09:35:00,1336.2,1339.5,1335.0,1339.1,379874.1868
122,2021-01-26 09:36:00,1339.1,1340.0,1338.0,1338.9,247559.0837
123,2021-01-26 09:37:00,1338.9,1340.6,1338.4,1340.3,219448.7056
124,2021-01-26 09:38:00,1340.3,1341.4,1339.8,1341.4,171548.0498
125,2021-01-26 09:39:00,1341.4,1343.7,1340.0,1343.2,335916.8798
126,2021-01-26 09:40:00,1343.2,1344.1,1340.2,1341.7,516086.3354
127,2021-01-26 09:41:00,1341.7,1343.1,1340.4,1340.6,179434.0495
128,2021-01-26 09:42:00,1340.6,1341.2,1338.8,1339.4,1918612.1199
129,2021-01-26 09:43:00,1339.5,1342.1,1339.2,1340.6,323475.3517
130,2021-01-26 09:44:00,1340.6,1343.7,1340.4,1341.3,611140.3703
131,2021-01-26 09:45:00,1341.5,1346.5,1340.7,1345.2,1551322.873
132,2021-01-26 09:46:00,1345.2,1347.8,1343.3,1346.0,1864377.9505
133,2021-01-26 09:47:00,1346.0,1347.3,1345.2,1345.8,859245.8191
134,2021-01-26 09:48:00,1345.8,1346.5,1345.2,1346.3,213275.8851
135,2021-01-26 09:49:00,1346.0,1346.4,1343.6,1344.8,489703.3482
136,2021-01-26 09:50:00,1344.8,1346.0,1343.6,1345.2,1551933.2968
137,2021-01-26 09:51:00,1345.2,1345.3,1342.3,1343.0,1736485.5867
138,2021-01-26 09:52:00,1343.0,1343.4,1341.0,1342.2,192403.7631
139,2021-01-26 09:53:00,1342.2,1343.0,1339.3,1340.0,1839211.1658
140,2021-01-26 09:54:00,1340.0,1342.3,1339.5,1340.3,389410.3291
141,2021-01-26 09:55:00,1340.3,1340.4,1339.1,1339.3,100982.4432
142,2021-01-26 09:56:00,1339.3,1340.4,1339.1,1339.1,113653.9185
143,2021-01-26 09:57:00,1339.1,1340.4,1338.7,1338.7,247885.2548
144,2021-01-26 09:58:00,1338.7,1340.0,1338.2,1339.1,165859.9069
145,2021-01-26 09:59:00,1339.1,1339.4,1338.5,1338.5,213969.3416
146,2021-01-26 10:00:00,1338.4,1338.5,1335.2,1336.7,1566835.2584
147,2021-01-26 10:01:00,1336.7,1338.0,1334.0,1334.8,441838.7057
148,2021-01-26 10:02:00,1334.8,1335.3,1332.6,1333.5,253204.9862
149,2021-01-26 10:03:00,1333.5,1335.5,1333.5,1334.6,190588.8103
150,2021-01-26 10:04:00,1334.6,1334.8,1322.4,1324.6,2538494.1018
151,2021-01-26 10:05:00,1324.6,1325.6,1319.2,1319.5,1025219.9246
152,2021-01-26 10:06:00,1319.5,1321.1,1315.5,1318.7,1588604.6653
153,2021-01-26 10:07:00,1318.7,1324.2,1318.3,1323.0,2269103.0746
154,2021-01-26 10:08:00,1323.0,1323.3,1320.6,1322.3,1695590.5683
155,2021-01-26 10:09:00,1322.3,1322.3,1319.6,1320.2,294286.1407
156,2021-01-26 10:10:00,1320.3,1321.7,1315.5,1320.9,1087573.4056
157,2021-01-26 10:11:00,1320.9,1324.3,1320.6,1323.0,137113.9201
158,2021-01-26 10:12:00,1323.0,1323.1,1320.7,1321.8,226061.0104
159,2021-01-26 10:13:00,1321.8,1322.0,1317.1,1317.2,418615.9306
160,2021-01-26 10:14:00,1317.2,1320.0,1315.6,1316.7,602399.5011
161,2021-01-26 10:15:00,1316.5,1323.4,1315.5,1319.8,323765.343
162,2021-01-26 10:16:00,1319.8,1320.7,1316.7,1318.4,408320.9394
163,2021-01-26 10:17:00,1318.4,1320.2,1318.3,1319.0,615180.1435
164,2021-01-26 10:18:00,1319.0,1319.8,1317.5,1319.8,736373.876
165,2021-01-26 10:19:00,1319.8,1321.2,1319.0,1320.9,405718.8366
166,2021-01-26 10:20:00,1320.9,1320.9,1317.3,1318.3,955897.0069
167,2021-01-26 10:21:00,1318.3,1320.3,1316.9,1320.0,803173.3967
168,2021-01-26 10:22:00,1320.0,1322.8,1316.9,1318.5,1162569.8251
169,2021-01-26 10:23:00,1318.5,1319.4,1315.2,1316.9,784463.7987
170,2021-01-26 10:24:00,1316.9,1317.8,1314.9,1315.5,623484.5678
171,2021-01-26 10:25:00,1315.5,1316.1,1312.0,1314.1,1115112.1805
172,2021-01-26 10:26:00,1314.1,1318.3,1313.8,1317.4,738502.8983
173,2021-01-26 10:27:00,1317.4,1320.0,1316.5,1319.7,716937.8453
174,2021-01-26 10:28:00,1319.7,1319.7,1314.1,1317.3,1050136.5642
175,2021-01-26 10:29:00,1317.3,1318.3,1314.6,1316.2,711008.2761
176,2021-01-26 10:30:00,1316.2,1316.4,1313.7,1315.6,504087.6801
177,2021-01-26 10:31:00,1315.6,1318.4,1314.9,1316.8,929630.4
178,2021-01-26 10:32:00,1316.8,1321.5,1315.6,1320.8,806573.1298
179,2021-01-26 10:33:00,1320.8,1322.3,1320.1,1320.1,673499.6771
180,2021-01-26 10:34:00,1320.1,1320.4,1316.8,1318.0,601424.4849
181,2021-01-26 10:35:00,1318.0,1320.8,1317.0,1319.4,613220.4615
182,2021-01-26 10:36:00,1319.4,1320.0,1316.8,1318.4,325384.0898
183,2021-01-26 10:37:00,1318.4,1322.2,1318.3,1321.5,876381.0027
184,2021-01-26 10:38:00,1321.5,1321.5,1319.1,1319.3,377005.9969
185,2021-01-26 10:39:00,1319.3,1322.7,1319.3,1321.3,299156.2196
186,2021-01-26 10:40:00,1321.3,1324.0,1320.5,1322.2,566514.0434
187,2021-01-26 10:41:00,1322.2,1322.2,1319.2,1319.2,742840.1191
188,2021-01-26 10:42:00,1319.2,1319.2,1313.1,1313.1,1464981.2659
189,2021-01-26 10:43:00,1313.1,1314.8,1312.3,1313.2,1387344.8138
190,2021-01-26 10:44:00,1313.2,1316.4,1312.2,1314.1,883813.197
191,2021-01-26 10:45:00,1314.1,1314.8,1309.7,1309.7,1263891.6172
192,2021-01-26 10:46:00,1309.7,1316.0,1309.4,1316.0,1509952.7373
193,2021-01-26 10:47:00,1316.1,1322.5,1315.4,1322.5,736144.3144
194,2021-01-26 10:48:00,1322.5,1323.0,1318.7,1320.2,1179277.5284
195,2021-01-26 10:49:00,1320.1,1324.5,1319.6,1323.9,1042894.1398
196,2021-01-26 10:50:00,1323.9,1327.8,1323.4,1323.5,2465823.181
197,2021-01-26 10:51:00,1323.5,1326.6,1321.7,1323.9,503144.3478
198,2021-01-26 10:52:00,1323.7,1324.6,1321.0,1321.4,263879.8405
199,2021-01-26 10:53:00,1321.4,1321.9,1318.8,1319.4,1003736.6892
200,2021-01-26 10:54:00,1319.4,1324.1,1319.2,1321.0,484229.297
201,2021-01-26 10:55:00,1321.0,1322.1,1317.7,1318.5,591540.2075
202,2021-01-26 10:56:00,1318.5,1320.6,1317.8,1318.6,845442.7065
203,2021-01-26 10:57:00,1318.6,1319.3,1317.1,1317.2,466173.111
204,2021-01-26 10:58:00,1317.2,1317.4,1312.5,1313.4,1049767.6626
205,2021-01-26 10:59:00,1313.4,1317.1,1313.1,1314.9,958374.1253
206,2021-01-26 11:00:00,1314.9,1315.7,1310.3,1313.2,822453.6727
207,2021-01-26 11:01:00,1313.2,1319.9,1311.9,1319.2,626453.1322
208,2021-01-26 11:02:00,1319.2,1322.1,1317.2,1318.0,879702.6465
209,2021-01-26 11:03:00,1318.0,1319.3,1313.0,1313.7,530982.6632
210,2021-01-26 11:04:00,1313.7,1313.9,1309.2,1311.3,1021774.9357
211,2021-01-26 11:05:00,1311.3,1313.5,1307.3,1308.0,1455961.1216
212,2021-01-26 11:06:00,1308.0,1309.8,1305.6,1305.7,1940650.1132
213,2021-01-26 11:07:00,1305.7,1310.6,1305.6,1310.6,1394156.5237
214,2021-01-26 11:08:00,1310.6,1310.6,1305.5,1305.9,1265254.7763
215,2021-01-26 11:09:00,1305.9,1308.1,1302.8,1307.0,1927403.5612
216,2021-01-26 11:10:00,1307.0,1309.1,1305.1,1305.5,1116158.3018
217,2021-01-26 11:11:00,1305.5,1308.5,1305.3,1306.8,691211.1928
218,2021-01-26 11:12:00,1306.8,1311.8,1306.5,1308.1,803697.3101
219,2021-01-26 11:13:00,1308.1,1311.1,1307.6,1309.9,1267016.1077
220,2021-01-26 11:14:00,1309.9,1311.9,1309.9,1311.2,808463.9946
221,2021-01-26 11:15:00,1311.2,1315.5,1307.9,1314.4,2896923.0505
222,2021-01-26 11:16:00,1314.4,1316.6,1313.8,1316.1,812308.1314
223,2021-01-26 11:17:00,1316.1,1316.8,1313.7,1314.3,659601.9256
224,2021-01-26 11:18:00,1314.3,1317.1,1314.2,1315.5,665290.893
225,2021-01-26 11:19:00,1315.5,1316.0,1307.6,1309.0,1109793.1392
226,2021-01-26 11:20:00,1309.0,1309.8,1303.8,1305.9,2764684.6926
227,2021-01-26 11:21:00,1305.9,1309.0,1303.5,1304.2,2376784.1356
228,2021-01-26 11:22:00,1304.1,1307.3,1303.2,1304.8,1442512.5007
229,2021-01-26 11:23:00,1304.7,1308.0,1302.1,1306.9,2185608.8026
230,2021-01-26 11:24:00,1306.6,1307.3,1304.4,1306.9,752951.4144
231,2021-01-26 11:25:00,1306.9,1310.3,1306.9,1309.3,516188.5402
232,2021-01-26 11:26:00,1309.3,1310.8,1308.3,1310.6,367238.1885
233,2021-01-26 11:27:00,1310.6,1310.7,1307.2,1307.2,1106870.8418
234,2021-01-26 11:28:00,1307.2,1307.5,1304.2,1304.7,237077.966
235,2021-01-26 11:29:00,1304.4,1308.1,1304.4,1308.1,698160.8474
236,2021-01-26 11:30:00,1308.1,1311.4,1308.1,1311.0,593417.0555
237,2021-01-26 11:31:00,1311.0,1313.1,1310.5,1312.8,336370.2625
238,2021-01-26 11:32:00,1312.9,1313.1,1307.3,1307.4,449660.2494
239,2021-01-26 11:33:00,1307.4,1310.3,1307.4,1308.9,247434.7518
240,2021-01-26 11:34:00,1308.9,1311.5,1307.8,1310.3,318259.8615
241,2021-01-26 11:35:00,1310.3,1310.4,1308.4,1309.9,235216.1523
242,2021-01-26 11:36:00,1309.9,1310.1,1308.3,1310.1,192275.8983
243,2021-01-26 11:37:00,1310.1,1313.3,1310.1,1311.4,1150875.6829
244,2021-01-26 11:38:00,1311.4,1312.1,1309.2,1310.6,1080788.722
245,2021-01-26 11:39:00,1310.6,1313.6,1310.4,1311.2,512088.5547
246,2021-01-26 11:40:00,1311.2,1313.9,1311.1,1313.5,517981.6089
247,2021-01-26 11:41:00,1313.5,1313.9,1309.1,1309.6,544843.1416
248,2021-01-26 11:42:00,1309.5,1314.9,1309.4,1314.6,497076.19
249,2021-01-26 11:43:00,1314.6,1314.8,1310.6,1311.4,594723.8078
250,2021-01-26 11:44:00,1311.4,1312.7,1309.8,1311.9,399487.196
251,2021-01-26 11:45:00,1311.9,1313.3,1309.5,1309.8,182926.1055
252,2021-01-26 11:46:00,1309.8,1316.0,1309.8,1315.6,787512.2568
253,2021-01-26 11:47:00,1315.5,1320.1,1315.5,1316.8,1357100.9693
254,2021-01-26 11:48:00,1316.8,1318.4,1316.4,1317.3,560253.7923
255,2021-01-26 11:49:00,1317.3,1321.4,1317.1,1320.4,499925.3687
256,2021-01-26 11:50:00,1320.4,1323.5,1320.3,1322.0,670510.5634
257,2021-01-26 11:51:00,1322.0,1324.0,1321.2,1323.1,814035.3164
258,2021-01-26 11:52:00,1323.1,1324.7,1322.4,1323.6,1550664.8822
259,2021-01-26 11:53:00,1323.6,1323.8,1320.3,1320.6,673325.2919
260,2021-01-26 11:54:00,1320.6,1323.1,1319.0,1320.4,859691.804
261,2021-01-26 11:55:00,1320.4,1322.7,1320.0,1321.1,156358.9422
262,2021-01-26 11:56:00,1321.1,1322.9,1320.4,1321.5,445482.9993
263,2021-01-26 11:57:00,1321.5,1324.1,1321.0,1321.9,496494.3816
264,2021-01-26 11:58:00,1321.9,1321.9,1318.7,1319.7,419034.5622
265,2021-01-26 11:59:00,1319.7,1320.9,1317.2,1318.0,272468.0505
266,2021-01-26 12:00:00,1318.0,1318.9,1317.8,1318.7,189545.5391
267,2021-01-26 12:01:00,1318.7,1326.4,1318.6,1322.4,1682978.6657
268,2021-01-26 12:02:00,1322.4,1323.3,1315.1,1316.6,2288344.7003
269,2021-01-26 12:03:00,1316.6,1317.1,1313.3,1313.9,1302558.5577
270,2021-01-26 12:04:00,1313.9,1314.4,1305.3,1307.4,836103.5081
271,2021-01-26 12:05:00,1307.4,1310.5,1306.4,1310.3,1425794.4418
272,2021-01-26 12:06:00,1310.3,1313.1,1309.4,1313.0,2679845.595
273,2021-01-26 12:07:00,1313.0,1315.4,1312.1,1315.1,1307830.4751
274,2021-01-26 12:08:00,1315.1,1315.4,1312.8,1313.8,688717.3493
275,2021-01-26 12:09:00,1313.8,1315.3,1312.2,1313.3,846625.2138
276,2021-01-26 12:10:00,1313.3,1314.9,1312.6,1312.8,242304.1158
277,2021-01-26 12:11:00,1312.8,1314.6,1312.3,1314.5,291770.8429
278,2021-01-26 12:12:00,1314.5,1316.8,1312.8,1313.0,532496.5142
279,2021-01-26 12:13:00,1313.0,1313.0,1310.9,1312.2,521006.8067
280,2021-01-26 12:14:00,1312.2,1313.2,1311.3,1312.0,769154.4797
281,2021-01-26 12:15:00,1312.0,1314.0,1312.0,1313.1,423351.0712
282,2021-01-26 12:16:00,1313.1,1317.1,1313.1,1316.5,628848.1788
283,2021-01-26 12:17:00,1316.5,1318.1,1316.5,1317.9,334897.5098
284,2021-01-26 12:18:00,1317.9,1319.0,1316.6,1317.0,637951.2968
285,2021-01-26 12:19:00,1317.1,1319.4,1316.7,1318.2,285903.2592
286,2021-01-26 12:20:00,1318.2,1319.0,1317.7,1318.6,194441.4426
287,2021-01-26 12:21:00,1318.7,1319.6,1317.6,1318.5,538931.9474
288,2021-01-26 12:22:00,1318.5,1319.2,1318.5,1319.0,55138.4336
289,2021-01-26 12:23:00,1319.0,1319.1,1318.6,1318.9,181574.3642
290,2021-01-26 12:24:00,1318.9,1318.9,1317.4,1318.5,260830.8939
291,2021-01-26 12:25:00,1318.5,1318.8,1316.9,1317.6,341903.9153
292,2021-01-26 12:26:00,1317.6,1318.7,1317.0,1317.1,147836.8766
293,2021-01-26 12:27:00,1317.1,1318.9,1317.0,1318.4,136859.3458
294,2021-01-26 12:28:00,1318.4,1319.6,1318.0,1319.1,82621.0803
295,2021-01-26 12:29:00,1319.1,1319.2,1317.9,1319.0,349294.523
296,2021-01-26 12:30:00,1319.0,1325.0,1319.0,1324.5,1678691.6503
297,2021-01-26 12:31:00,1324.5,1326.6,1322.5,1322.5,1099327.5019
298,2021-01-26 12:32:00,1322.5,1324.0,1321.0,1323.7,795146.1727
299,2021-01-26 12:33:00,1323.5,1324.1,1321.7,1322.3,129627.7261
300,2021-01-26 12:34:00,1322.3,1323.1,1321.4,1321.4,151633.3784
301,2021-01-26 12:35:00,1321.4,1324.1,1321.0,1323.6,143338.3218
302,2021-01-26 12:36:00,1323.6,1325.2,1322.2,1324.7,439498.085
303,2021-01-26 12:37:00,1324.7,1324.9,1323.2,1324.7,766394.6732
304,2021-01-26 12:38:00,1324.7,1328.8,1324.2,1327.8,1078995.3216
305,2021-01-26 12:39:00,1327.7,1331.4,1327.7,1329.2,1491988.438
306,2021-01-26 12:40:00,1329.2,1334.3,1328.9,1332.9,1261786.7965
307,2021-01-26 12:41:00,1332.9,1333.8,1331.1,1331.4,892488.5231
308,2021-01-26 12:42:00,1331.4,1331.7,1329.0,1329.0,474212.4953
309,2021-01-26 12:43:00,1328.9,1331.0,1327.3,1327.4,1109776.3095
310,2021-01-26 12:44:00,1327.4,1330.7,1327.3,1330.4,417127.2946
311,2021-01-26 12:45:00,1330.4,1332.8,1328.5,1330.7,554046.5654
312,2021-01-26 12:46:00,1330.7,1331.0,1327.0,1327.4,320428.8036
313,2021-01-26 12:47:00,1327.4,1329.0,1326.7,1327.1,434905.8405
314,2021-01-26 12:48:00,1327.1,1329.1,1326.4,1327.5,948877.8205
315,2021-01-26 12:49:00,1327.5,1328.1,1326.5,1328.0,545520.5137
316,2021-01-26 12:50:00,1328.0,1328.0,1325.6,1327.1,150956.4829
317,2021-01-26 12:51:00,1327.1,1330.8,1327.1,1330.1,996006.1306
318,2021-01-26 12:52:00,1330.1,1330.1,1327.0,1329.0,569290.3091
319,2021-01-26 12:53:00,1329.0,1329.4,1328.0,1328.3,114732.1374
320,2021-01-26 12:54:00,1328.4,1330.0,1327.1,1327.9,612105.7785
321,2021-01-26 12:55:00,1327.9,1329.3,1327.1,1327.5,169413.4416
322,2021-01-26 12:56:00,1327.5,1329.8,1327.5,1328.5,170973.578
323,2021-01-26 12:57:00,1329.2,1330.0,1326.9,1328.6,1158573.9475
324,2021-01-26 12:58:00,1328.6,1330.1,1328.6,1329.2,280536.2852
325,2021-01-26 12:59:00,1329.2,1329.7,1327.6,1329.0,142743.0029
326,2021-01-26 13:00:00,1329.0,1329.3,1327.7,1328.5,320378.2026
327,2021-01-26 13:01:00,1328.5,1329.0,1327.4,1328.4,184731.307
328,2021-01-26 13:02:00,1328.4,1328.4,1324.5,1324.6,429705.3354
329,2021-01-26 13:03:00,1324.6,1329.1,1322.1,1329.1,860267.539
330,2021-01-26 13:04:00,1329.1,1333.4,1329.0,1332.5,1258042.7961
331,2021-01-26 13:05:00,1332.5,1333.4,1330.6,1331.3,405471.9503
332,2021-01-26 13:06:00,1331.3,1331.3,1327.1,1329.3,1399790.8513
333,2021-01-26 13:07:00,1329.3,1329.5,1326.6,1327.3,235278.1732
334,2021-01-26 13:08:00,1327.3,1329.0,1325.8,1327.6,225722.2657
335,2021-01-26 13:09:00,1327.6,1328.2,1325.6,1326.6,150684.3162
336,2021-01-26 13:10:00,1326.7,1330.0,1326.5,1326.7,325970.1935
337,2021-01-26 13:11:00,1326.7,1327.1,1325.3,1326.7,222444.7214
338,2021-01-26 13:12:00,1326.7,1326.7,1324.5,1325.4,667908.7778
339,2021-01-26 13:13:00,1325.3,1325.3,1322.3,1322.7,194323.7954
340,2021-01-26 13:14:00,1322.7,1324.2,1322.6,1323.6,525890.2617
341,2021-01-26 13:15:00,1323.6,1323.6,1317.1,1318.2,932000.032
342,2021-01-26 13:16:00,1318.2,1320.4,1314.8,1317.4,1386527.6402
343,2021-01-26 13:17:00,1317.4,1317.6,1314.1,1314.3,622746.1926
344,2021-01-26 13:18:00,1314.3,1316.9,1314.2,1316.9,406400.4343
345,2021-01-26 13:19:00,1316.9,1316.9,1315.0,1315.3,213318.2035
346,2021-01-26 13:20:00,1315.1,1316.9,1314.6,1314.8,355659.5148
347,2021-01-26 13:21:00,1314.8,1316.1,1314.4,1316.1,129797.3371
348,2021-01-26 13:22:00,1316.1,1316.1,1314.5,1315.7,230692.0222
349,2021-01-26 13:23:00,1315.7,1316.0,1311.0,1311.5,808629.5102
350,2021-01-26 13:24:00,1311.4,1315.9,1311.2,1314.9,457895.4065
351,2021-01-26 13:25:00,1314.9,1317.3,1314.5,1316.8,864475.5225
352,2021-01-26 13:26:00,1316.8,1316.8,1314.0,1314.2,358289.2423
353,2021-01-26 13:27:00,1314.2,1316.7,1314.2,1315.4,227168.5219
354,2021-01-26 13:28:00,1315.4,1316.4,1310.9,1313.3,511207.3339
355,2021-01-26 13:29:00,1313.3,1314.7,1311.1,1312.1,679871.4044
356,2021-01-26 13:30:00,1312.1,1313.5,1309.1,1311.7,932172.6489
357,2021-01-26 13:31:00,1311.7,1314.7,1311.5,1314.1,468741.122
358,2021-01-26 13:32:00,1314.1,1314.6,1312.6,1313.2,241235.6764
359,2021-01-26 13:33:00,1313.2,1315.3,1313.0,1314.8,347191.2666
360,2021-01-26 13:34:00,1314.8,1314.8,1312.4,1313.8,138841.4848
361,2021-01-26 13:35:00,1313.8,1314.0,1310.1,1310.5,426231.6093
362,2021-01-26 13:36:00,1310.5,1315.5,1310.0,1314.7,312696.0608
363,2021-01-26 13:37:00,1314.6,1315.5,1313.1,1314.5,602409.2488
364,2021-01-26 13:38:00,1314.5,1314.5,1311.7,1312.7,292497.979
365,2021-01-26 13:39:00,1312.8,1313.6,1311.1,1312.1,105312.402
366,2021-01-26 13:40:00,1312.1,1313.4,1311.3,1311.8,401437.7194
367,2021-01-26 13:41:00,1311.8,1313.4,1310.6,1311.5,417986.0109
368,2021-01-26 13:42:00,1311.5,1312.3,1310.5,1312.0,65052.0762
369,2021-01-26 13:43:00,1312.0,1313.8,1310.6,1311.5,318366.5661
370,2021-01-26 13:44:00,1311.5,1311.5,1307.9,1309.3,1115505.1789
371,2021-01-26 13:45:00,1309.3,1311.9,1308.8,1310.0,409364.1529
372,2021-01-26 13:46:00,1310.0,1310.2,1305.3,1305.6,747671.5207
373,2021-01-26 13:47:00,1305.6,1306.0,1302.4,1303.8,1804055.8814
374,2021-01-26 13:48:00,1303.5,1303.9,1300.5,1302.3,2182858.594
375,2021-01-26 13:49:00,1302.3,1304.0,1296.2,1297.5,3964815.3986
376,2021-01-26 13:50:00,1297.5,1302.3,1294.0,1302.3,3195103.7831
377,2021-01-26 13:51:00,1302.3,1302.6,1300.0,1301.4,506136.6009
378,2021-01-26 13:52:00,1301.4,1302.0,1299.0,1301.8,682541.0316
379,2021-01-26 13:53:00,1301.8,1307.3,1300.7,1306.9,2026510.4172
380,2021-01-26 13:54:00,1306.9,1307.3,1304.0,1305.0,1614700.9725
381,2021-01-26 13:55:00,1305.0,1308.0,1304.6,1307.5,774739.9461
382,2021-01-26 13:56:00,1307.6,1315.1,1307.5,1313.7,1671113.9523
383,2021-01-26 13:57:00,1313.7,1316.7,1310.5,1315.6,1537901.2558
384,2021-01-26 13:58:00,1315.6,1317.8,1315.4,1316.8,2038366.8021
385,2021-01-26 13:59:00,1316.8,1316.9,1314.0,1315.9,1982329.8038
386,2021-01-26 14:00:00,1316.0,1322.4,1315.5,1321.3,1678751.7639
387,2021-01-26 14:01:00,1321.3,1321.5,1318.3,1318.7,701346.0142
388,2021-01-26 14:02:00,1318.7,1322.2,1317.8,1321.7,585939.0193
389,2021-01-26 14:03:00,1321.7,1323.1,1320.5,1320.6,938629.4625
390,2021-01-26 14:04:00,1320.6,1322.6,1319.2,1319.5,720249.5725
391,2021-01-26 14:05:00,1319.5,1321.5,1319.4,1320.4,587078.5166
392,2021-01-26 14:06:00,1320.4,1320.4,1314.6,1314.7,1124501.5989
393,2021-01-26 14:07:00,1314.7,1317.6,1312.8,1316.1,742806.0062
394,2021-01-26 14:08:00,1316.1,1316.1,1313.6,1314.0,1255309.8259
395,2021-01-26 14:09:00,1314.0,1314.0,1311.7,1312.3,484026.1911
396,2021-01-26 14:10:00,1312.3,1317.3,1311.1,1317.3,1763318.8941
397,2021-01-26 14:11:00,1317.3,1320.5,1317.3,1318.8,1535900.2303
398,2021-01-26 14:12:00,1318.8,1319.5,1315.2,1318.5,493710.1246
399,2021-01-26 14:13:00,1318.5,1319.5,1316.9,1319.3,1133332.0924
400,2021-01-26 14:14:00,1319.3,1320.5,1317.4,1318.5,459223.1981
401,2021-01-26 14:15:00,1318.5,1322.4,1318.2,1321.6,1374772.5574
402,2021-01-26 14:16:00,1321.6,1324.8,1320.6,1324.3,1064423.9115
403,2021-01-26 14:17:00,1324.3,1324.9,1322.9,1323.3,724542.9573
404,2021-01-26 14:18:00,1323.3,1327.1,1322.1,1327.0,734675.1078
405,2021-01-26 14:19:00,1327.0,1328.4,1325.5,1328.4,1214416.7981
406,2021-01-26 14:20:00,1328.4,1332.0,1327.3,1327.3,1715514.4612
407,2021-01-26 14:21:00,1327.3,1330.0,1325.5,1328.2,1717808.1319
408,2021-01-26 14:22:00,1328.2,1333.0,1328.2,1332.8,1999598.0814
409,2021-01-26 14:23:00,1332.8,1336.8,1332.0,1336.8,3950553.0636
410,2021-01-26 14:24:00,1336.9,1337.1,1335.0,1336.3,2024891.0247
411,2021-01-26 14:25:00,1336.3,1339.5,1336.3,1336.6,1771858.485
412,2021-01-26 14:26:00,1336.6,1336.9,1334.8,1334.9,365890.6911
413,2021-01-26 14:27:00,1334.9,1335.3,1332.4,1332.6,718962.3044
414,2021-01-26 14:28:00,1332.6,1335.1,1331.0,1332.6,988361.9895
415,2021-01-26 14:29:00,1332.6,1335.1,1332.6,1335.1,597709.3459
416,2021-01-26 14:30:00,1335.1,1339.0,1334.9,1338.8,1622204.765
417,2021-01-26 14:31:00,1338.8,1340.0,1337.5,1337.6,1264233.4279
418,2021-01-26 14:32:00,1337.6,1341.0,1336.7,1336.9,1300995.7144
419,2021-01-26 14:33:00,1336.9,1336.9,1333.0,1334.4,1506057.6013
420,2021-01-26 14:34:00,1334.4,1334.7,1331.1,1332.4,2227011.1814
421,2021-01-26 14:35:00,1332.4,1334.6,1332.3,1333.1,1635479.4024
422,2021-01-26 14:36:00,1333.1,1336.9,1333.1,1336.7,1511327.5224
423,2021-01-26 14:37:00,1336.7,1336.7,1332.6,1332.6,230496.3281
424,2021-01-26 14:38:00,1332.6,1334.2,1332.6,1333.4,74647.7808
425,2021-01-26 14:39:00,1333.4,1336.9,1333.0,1336.2,931127.0151
426,2021-01-26 14:40:00,1336.2,1336.6,1334.6,1335.6,120677.0141
427,2021-01-26 14:41:00,1335.6,1336.1,1334.5,1334.9,59966.7548
428,2021-01-26 14:42:00,1334.9,1336.5,1334.9,1335.6,622621.7981
429,2021-01-26 14:43:00,1335.5,1336.9,1334.1,1335.3,687698.6294
430,2021-01-26 14:44:00,1335.3,1339.9,1335.3,1338.3,1041718.158
431,2021-01-26 14:45:00,1338.3,1345.0,1338.3,1344.4,2000928.3147
432,2021-01-26 14:46:00,1344.4,1346.7,1341.4,1341.4,1972346.9672
433,2021-01-26 14:47:00,1341.4,1341.6,1338.8,1338.9,636154.3784
434,2021-01-26 14:48:00,1338.9,1339.7,1335.8,1336.2,2356357.7031
435,2021-01-26 14:49:00,1336.2,1336.9,1335.6,1336.6,375967.4184
436,2021-01-26 14:50:00,1336.6,1336.9,1333.5,1333.6,1504954.1383
437,2021-01-26 14:51:00,1333.6,1334.8,1332.1,1332.2,1649268.5237
438,2021-01-26 14:52:00,1332.2,1335.5,1332.2,1334.2,820049.641
439,2021-01-26 14:53:00,1334.2,1335.6,1334.2,1334.7,306816.0595
440,2021-01-26 14:54:00,1334.7,1336.0,1333.9,1333.9,588563.0606
441,2021-01-26 14:55:00,1333.9,1336.5,1333.9,1335.5,201219.2517
442,2021-01-26 14:56:00,1335.5,1336.5,1334.5,1336.1,149447.0095
443,2021-01-26 14:57:00,1336.1,1336.3,1334.5,1334.8,184335.2179
444,2021-01-26 14:58:00,1334.8,1335.6,1333.7,1335.6,165188.2132
445,2021-01-26 14:59:00,1335.6,1337.5,1334.3,1337.5,249281.3617
446,2021-01-26 15:00:00,1337.5,1337.8,1335.9,1336.2,839453.3495
447,2021-01-26 15:01:00,1336.2,1336.2,1333.8,1334.1,109815.287
448,2021-01-26 15:02:00,1334.1,1337.1,1334.0,1336.0,266190.6592
449,2021-01-26 15:03:00,1336.0,1336.0,1330.9,1331.2,842013.7885
450,2021-01-26 15:04:00,1331.2,1332.3,1329.5,1330.9,883256.4854
451,2021-01-26 15:05:00,1330.9,1334.0,1330.9,1331.7,576341.7877
452,2021-01-26 15:06:00,1331.7,1333.3,1331.7,1332.6,164692.0428
453,2021-01-26 15:07:00,1332.6,1332.6,1330.5,1330.6,1897778.4206
454,2021-01-26 15:08:00,1330.6,1330.8,1327.2,1330.3,393356.0836
455,2021-01-26 15:09:00,1330.3,1330.3,1325.8,1326.9,325860.7187
456,2021-01-26 15:10:00,1326.9,1328.2,1324.1,1325.2,882884.1184
457,2021-01-26 15:11:00,1325.2,1326.5,1322.8,1325.5,1449479.0485
458,2021-01-26 15:12:00,1325.5,1327.7,1324.4,1327.5,695029.8252
459,2021-01-26 15:13:00,1327.5,1328.2,1325.8,1327.5,468127.8635
460,2021-01-26 15:14:00,1327.5,1327.8,1326.2,1326.8,178000.3046
461,2021-01-26 15:15:00,1326.8,1329.8,1325.8,1329.0,192931.5582
462,2021-01-26 15:16:00,1329.0,1329.2,1326.4,1328.3,413473.2272
463,2021-01-26 15:17:00,1328.3,1328.6,1326.5,1326.7,110786.7117
464,2021-01-26 15:18:00,1326.7,1328.7,1325.8,1328.1,471772.5524
465,2021-01-26 15:19:00,1328.1,1328.4,1327.1,1327.2,353665.8878
466,2021-01-26 15:20:00,1327.2,1327.3,1319.2,1319.3,1032201.3738
467,2021-01-26 15:21:00,1319.3,1319.9,1316.8,1317.8,860512.6776
468,2021-01-26 15:22:00,1317.8,1320.6,1317.8,1320.0,971964.8214
469,2021-01-26 15:23:00,1320.0,1321.6,1319.9,1321.6,853483.7915
470,2021-01-26 15:24:00,1321.6,1321.9,1316.7,1317.5,858134.4143
471,2021-01-26 15:25:00,1317.5,1318.6,1314.0,1314.4,4435828.5743
472,2021-01-26 15:26:00,1314.4,1317.0,1311.4,1317.0,2726543.0903
473,2021-01-26 15:27:00,1317.0,1318.4,1315.8,1318.2,839054.3417
474,2021-01-26 15:28:00,1318.2,1318.6,1315.1,1318.6,650488.5712
475,2021-01-26 15:29:00,1318.8,1319.3,1316.1,1319.0,501268.4772
476,2021-01-26 15:30:00,1319.0,1324.3,1317.6,1324.0,1416971.4612
477,2021-01-26 15:31:00,1324.0,1324.1,1321.9,1322.4,1863245.9148
478,2021-01-26 15:32:00,1322.4,1323.6,1314.3,1315.4,912484.9603
479,2021-01-26 15:33:00,1315.4,1317.9,1315.0,1315.2,336208.8234
480,2021-01-26 15:34:00,1315.2,1316.5,1311.7,1315.0,812373.3737
481,2021-01-26 15:35:00,1315.0,1316.9,1315.0,1316.8,444408.2567
482,2021-01-26 15:36:00,1316.8,1317.9,1315.4,1315.4,291138.5099
483,2021-01-26 15:37:00,1315.4,1320.1,1315.4,1319.4,136566.0009
484,2021-01-26 15:38:00,1319.4,1321.9,1318.6,1320.6,175899.8123
485,2021-01-26 15:39:00,1320.6,1321.7,1318.9,1321.7,215111.6681
486,2021-01-26 15:40:00,1321.7,1322.9,1320.0,1322.9,625713.0903
487,2021-01-26 15:41:00,1322.9,1324.8,1322.1,1323.2,696678.5344
488,2021-01-26 15:42:00,1323.2,1324.6,1320.7,1324.4,247092.9732
489,2021-01-26 15:43:00,1324.4,1324.7,1322.8,1324.3,199149.2515
490,2021-01-26 15:44:00,1324.3,1327.3,1323.7,1327.1,794326.193
491,2021-01-26 15:45:00,1327.1,1327.3,1325.1,1326.6,670977.1334
492,2021-01-26 15:46:00,1326.6,1326.6,1324.0,1324.6,160002.2048
493,2021-01-26 15:47:00,1324.6,1326.5,1322.9,1322.9,383947.8493
494,2021-01-26 15:48:00,1322.9,1323.3,1316.3,1316.4,991510.8032
495,2021-01-26 15:49:00,1316.6,1316.7,1313.3,1314.9,2175339.1078
496,2021-01-26 15:50:00,1314.9,1315.0,1312.0,1312.9,1825231.0384
497,2021-01-26 15:51:00,1312.9,1315.8,1312.8,1314.8,636536.6031
498,2021-01-26 15:52:00,1314.8,1315.4,1313.7,1314.6,558437.5554
499,2021-01-26 15:53:00,1314.6,1315.2,1312.9,1314.4,567240.6583
500,2021-01-26 15:54:00,1314.4,1318.2,1314.2,1317.3,711444.3997
501,2021-01-26 15:55:00,1317.3,1317.3,1314.5,1315.0,452641.8241
502,2021-01-26 15:56:00,1315.0,1316.6,1313.5,1315.1,1941915.531
503,2021-01-26 15:57:00,1315.1,1315.2,1313.6,1313.7,336055.5889
504,2021-01-26 15:58:00,1313.7,1315.1,1311.7,1312.0,608856.3744
505,2021-01-26 15:59:00,1312.3,1315.0,1308.5,1313.6,1003294.7611
506,2021-01-26 16:00:00,1313.6,1313.7,1306.9,1307.6,3467343.7461
507,2021-01-26 16:01:00,1307.6,1313.1,1305.0,1313.0,1211472.3175
508,2021-01-26 16:02:00,1313.0,1320.5,1312.3,1316.4,2640229.5366
509,2021-01-26 16:03:00,1316.4,1319.1,1315.5,1317.2,870337.8126
510,2021-01-26 16:04:00,1317.2,1319.5,1314.8,1315.1,572566.2759
511,2021-01-26 16:05:00,1315.3,1317.6,1311.7,1312.5,448724.3834
512,2021-01-26 16:06:00,1312.5,1316.8,1312.5,1316.8,840375.4939
513,2021-01-26 16:07:00,1316.8,1317.7,1314.5,1317.6,963025.1216
514,2021-01-26 16:08:00,1317.6,1318.7,1314.3,1314.7,367480.6955
515,2021-01-26 16:09:00,1314.7,1316.5,1313.7,1314.6,291935.0077
516,2021-01-26 16:10:00,1314.6,1319.7,1314.6,1319.7,294809.8761
517,2021-01-26 16:11:00,1319.7,1319.8,1316.2,1317.1,748746.6906
518,2021-01-26 16:12:00,1317.1,1317.3,1316.0,1316.5,354040.6646
519,2021-01-26 16:13:00,1316.5,1318.9,1315.0,1316.6,550703.5626
520,2021-01-26 16:14:00,1316.6,1318.1,1314.1,1314.3,418275.9452
521,2021-01-26 16:15:00,1314.4,1316.0,1313.8,1315.8,569914.0742
522,2021-01-26 16:16:00,1315.8,1320.0,1315.2,1318.6,850956.0317
523,2021-01-26 16:17:00,1318.6,1320.0,1315.5,1316.3,358688.2682
524,2021-01-26 16:18:00,1316.3,1317.7,1315.5,1315.6,291988.6292
525,2021-01-26 16:19:00,1315.6,1317.6,1311.5,1312.4,1516465.5396
526,2021-01-26 16:20:00,1312.4,1313.8,1309.8,1313.5,723304.5857
527,2021-01-26 16:21:00,1313.5,1315.8,1313.5,1314.1,412150.3434
528,2021-01-26 16:22:00,1314.1,1316.3,1314.0,1315.2,967615.5625
529,2021-01-26 16:23:00,1315.3,1317.6,1314.0,1314.1,1028012.9325
530,2021-01-26 16:24:00,1314.1,1315.2,1311.0,1311.4,611929.7819
531,2021-01-26 16:25:00,1311.4,1312.4,1307.6,1308.3,820498.8028
532,2021-01-26 16:26:00,1308.3,1308.5,1306.0,1306.2,813163.359
533,2021-01-26 16:27:00,1306.2,1309.8,1306.0,1309.6,1088430.7672
534,2021-01-26 16:28:00,1309.6,1310.5,1305.3,1305.6,868459.7404
535,2021-01-26 16:29:00,1305.6,1307.6,1305.0,1307.0,1617771.9527
536,2021-01-26 16:30:00,1307.0,1307.5,1300.7,1304.9,2432828.542
537,2021-01-26 16:31:00,1304.9,1306.8,1303.0,1304.0,1330004.2197
538,2021-01-26 16:32:00,1304.0,1308.1,1304.0,1308.1,609004.0463
539,2021-01-26 16:33:00,1308.1,1309.3,1305.2,1307.8,633202.6581
540,2021-01-26 16:34:00,1307.8,1307.9,1304.3,1306.2,539412.4743
541,2021-01-26 16:35:00,1306.2,1307.4,1304.7,1306.5,481846.1447
542,2021-01-26 16:36:00,1306.5,1309.9,1306.0,1307.4,818808.1416
543,2021-01-26 16:37:00,1307.4,1308.5,1304.6,1304.8,476902.5801
544,2021-01-26 16:38:00,1304.8,1307.9,1303.3,1306.8,497374.1235
545,2021-01-26 16:39:00,1306.8,1309.0,1306.6,1308.9,383144.3193
546,2021-01-26 16:40:00,1308.9,1314.1,1308.9,1310.0,563547.1156
547,2021-01-26 16:41:00,1310.0,1312.6,1307.8,1307.9,1310289.0605
548,2021-01-26 16:42:00,1307.9,1308.5,1305.6,1305.9,356077.3246
549,2021-01-26 16:43:00,1305.9,1308.2,1305.6,1307.7,168673.8402
550,2021-01-26 16:44:00,1307.7,1308.9,1301.2,1303.2,3465330.9499
551,2021-01-26 16:45:00,1303.2,1303.2,1297.1,1299.1,2790148.6069
552,2021-01-26 16:46:00,1299.1,1299.8,1295.5,1296.3,1232152.4222
553,2021-01-26 16:47:00,1296.3,1303.2,1296.3,1301.6,2991933.8403
554,2021-01-26 16:48:00,1301.6,1305.2,1300.9,1304.6,1571124.0122
555,2021-01-26 16:49:00,1304.6,1304.9,1298.9,1299.0,948026.4385
556,2021-01-26 16:50:00,1299.0,1299.0,1295.9,1296.9,1483537.7844
557,2021-01-26 16:51:00,1296.9,1301.3,1296.9,1298.0,847300.7646
558,2021-01-26 16:52:00,1298.0,1300.0,1297.2,1298.0,705651.0064
559,2021-01-26 16:53:00,1297.9,1298.7,1285.0,1285.0,5663547.5212
560,2021-01-26 16:54:00,1285.0,1289.0,1277.0,1279.9,15328139.3315
561,2021-01-26 16:55:00,1280.4,1282.4,1277.0,1278.9,3994536.9253
562,2021-01-26 16:56:00,1278.9,1280.0,1274.1,1277.2,3547393.0163
563,2021-01-26 16:57:00,1277.2,1282.9,1276.9,1279.1,3869630.1439
564,2021-01-26 16:58:00,1279.1,1279.3,1271.0,1272.2,4279170.3569
565,2021-01-26 16:59:00,1272.2,1277.8,1271.0,1273.4,4111941.925
566,2021-01-26 17:00:00,1273.4,1278.7,1271.9,1274.5,2606909.6678
567,2021-01-26 17:01:00,1274.5,1278.1,1269.1,1269.1,2226788.6576
568,2021-01-26 17:02:00,1269.1,1271.9,1264.0,1264.1,8613226.4058
569,2021-01-26 17:03:00,1264.0,1272.1,1264.0,1268.8,3290871.4618
570,2021-01-26 17:04:00,1268.9,1268.9,1261.2,1262.4,4069195.2418
571,2021-01-26 17:05:00,1262.4,1269.0,1260.0,1268.0,3059693.6498
572,2021-01-26 17:06:00,1268.0,1277.1,1267.4,1277.1,5076210.9324
573,2021-01-26 17:07:00,1277.1,1277.1,1270.5,1271.2,1516151.7616
574,2021-01-26 17:08:00,1271.2,1278.2,1271.2,1276.5,1485897.1126
575,2021-01-26 17:09:00,1276.5,1279.9,1273.9,1278.6,1299555.9084
576,2021-01-26 17:10:00,1278.6,1281.7,1276.9,1280.7,915620.1535
577,2021-01-26 17:11:00,1280.7,1281.0,1277.6,1279.0,1205167.1985
578,2021-01-26 17:12:00,1279.0,1282.2,1278.9,1282.1,2156617.4227
579,2021-01-26 17:13:00,1282.1,1287.4,1282.1,1286.3,2612274.2273
580,2021-01-26 17:14:00,1286.3,1286.8,1282.5,1283.9,1678160.1266
581,2021-01-26 17:15:00,1283.9,1283.9,1278.5,1281.5,1171522.9251
582,2021-01-26 17:16:00,1281.5,1286.2,1281.3,1285.6,691553.0076
583,2021-01-26 17:17:00,1285.6,1290.9,1285.2,1289.9,1786442.6339
584,2021-01-26 17:18:00,1289.9,1290.8,1285.9,1286.2,2867185.3129
585,2021-01-26 17:19:00,1286.2,1286.5,1283.5,1286.0,2478993.597
586,2021-01-26 17:20:00,1286.0,1286.1,1283.4,1283.4,937931.9583
587,2021-01-26 17:21:00,1283.4,1288.5,1283.0,1288.2,726472.274
588,2021-01-26 17:22:00,1288.2,1290.5,1286.7,1290.5,2178720.6328
589,2021-01-26 17:23:00,1290.5,1292.6,1287.7,1288.2,1258411.2384
590,2021-01-26 17:24:00,1288.2,1288.2,1281.4,1282.3,2942437.1263
591,2021-01-26 17:25:00,1282.3,1284.5,1282.2,1283.7,1266155.6425
592,2021-01-26 17:26:00,1283.7,1283.7,1280.1,1281.0,739171.1746
593,2021-01-26 17:27:00,1281.0,1283.5,1278.5,1278.5,1347350.8147
594,2021-01-26 17:28:00,1278.5,1280.0,1276.5,1277.1,1801269.4199
595,2021-01-26 17:29:00,1277.0,1279.5,1276.6,1276.6,1659978.218
596,2021-01-26 17:30:00,1276.6,1282.4,1276.6,1280.9,1202045.0501
597,2021-01-26 17:31:00,1280.9,1289.0,1280.7,1288.3,2604467.5105
598,2021-01-26 17:32:00,1288.3,1288.7,1286.0,1286.6,603932.3405
599,2021-01-26 17:33:00,1286.7,1290.5,1286.6,1289.5,1368686.5343
600,2021-01-26 17:34:00,1289.5,1289.5,1285.1,1286.4,2275502.7239
601,2021-01-26 17:35:00,1286.5,1287.4,1284.0,1285.3,539797.8169
602,2021-01-26 17:36:00,1285.3,1287.4,1285.2,1287.4,293411.1075
603,2021-01-26 17:37:00,1287.4,1292.7,1287.2,1292.0,635184.1229
604,2021-01-26 17:38:00,1292.0,1293.3,1289.1,1289.2,913859.5059
605,2021-01-26 17:39:00,1289.0,1289.2,1286.6,1287.4,665460.1773
606,2021-01-26 17:40:00,1287.4,1290.0,1286.2,1286.2,476069.7495
607,2021-01-26 17:41:00,1286.2,1287.9,1285.3,1285.9,412991.4367
608,2021-01-26 17:42:00,1285.9,1286.5,1281.6,1282.1,2828344.5768
609,2021-01-26 17:43:00,1282.1,1284.8,1281.0,1281.5,1023580.3802
610,2021-01-26 17:44:00,1281.5,1284.8,1281.4,1283.0,504654.6663
611,2021-01-26 17:45:00,1283.0,1285.8,1282.1,1285.8,691050.5678
612,2021-01-26 17:46:00,1285.8,1287.6,1283.4,1284.7,455316.5751
613,2021-01-26 17:47:00,1284.6,1284.9,1280.2,1282.0,746583.117
614,2021-01-26 17:48:00,1282.0,1286.5,1281.4,1286.5,1910796.5356
615,2021-01-26 17:49:00,1286.5,1294.4,1286.4,1293.3,3008164.3053
616,2021-01-26 17:50:00,1293.3,1293.3,1290.6,1291.6,1017579.8453
617,2021-01-26 17:51:00,1291.6,1291.6,1288.6,1290.0,716611.6248
618,2021-01-26 17:52:00,1290.0,1292.8,1288.6,1291.9,514009.198
619,2021-01-26 17:53:00,1291.9,1292.0,1288.3,1288.5,670091.0112
620,2021-01-26 17:54:00,1288.5,1289.0,1287.2,1287.5,1823252.9776
621,2021-01-26 17:55:00,1287.5,1287.8,1285.4,1285.5,3289991.1998
622,2021-01-26 17:56:00,1285.5,1286.1,1283.4,1284.3,541268.2376
623,2021-01-26 17:57:00,1284.3,1286.9,1283.1,1284.0,1651673.1873
624,2021-01-26 17:58:00,1284.0,1285.9,1283.7,1284.0,1395502.3548
625,2021-01-26 17:59:00,1283.8,1285.5,1282.6,1285.3,480945.8962
626,2021-01-26 18:00:00,1285.3,1288.9,1284.0,1284.7,834531.3906
627,2021-01-26 18:01:00,1284.7,1284.9,1283.0,1283.3,1302964.8397
628,2021-01-26 18:02:00,1283.3,1288.4,1283.3,1286.3,518423.2248
629,2021-01-26 18:03:00,1286.3,1288.9,1285.7,1287.2,593290.5079
630,2021-01-26 18:04:00,1287.2,1290.7,1286.3,1290.0,2247051.2435
631,2021-01-26 18:05:00,1290.0,1291.5,1286.7,1287.0,1339137.7998
632,2021-01-26 18:06:00,1287.0,1289.7,1286.4,1286.9,609366.4484
633,2021-01-26 18:07:00,1286.9,1287.1,1284.0,1285.1,1919331.1352
634,2021-01-26 18:08:00,1285.1,1285.1,1280.2,1282.0,2306074.0946
635,2021-01-26 18:09:00,1282.0,1282.8,1272.7,1273.9,2128526.2962
636,2021-01-26 18:10:00,1273.9,1280.3,1272.7,1279.2,3805543.3475
637,2021-01-26 18:11:00,1279.2,1280.8,1277.2,1279.1,1085630.7149
638,2021-01-26 18:12:00,1279.1,1281.2,1278.7,1279.8,331782.3367
639,2021-01-26 18:13:00,1279.8,1281.3,1278.1,1278.8,294364.2391
640,2021-01-26 18:14:00,1278.8,1281.8,1278.8,1281.5,549203.0547
641,2021-01-26 18:15:00,1281.5,1283.1,1281.5,1281.7,434791.7385
642,2021-01-26 18:16:00,1281.8,1286.2,1279.3,1285.7,1418642.3085
643,2021-01-26 18:17:00,1285.7,1285.9,1283.4,1284.1,484783.1879
644,2021-01-26 18:18:00,1284.1,1284.1,1276.0,1277.4,1480292.2448
645,2021-01-26 18:19:00,1277.4,1282.2,1276.7,1281.2,678432.6624
646,2021-01-26 18:20:00,1281.2,1284.2,1281.2,1283.7,372153.7702
647,2021-01-26 18:21:00,1283.7,1284.9,1281.2,1282.6,372095.8237
648,2021-01-26 18:22:00,1282.6,1282.7,1279.1,1280.2,809633.3142
649,2021-01-26 18:23:00,1280.2,1282.8,1280.1,1280.6,282298.1791
650,2021-01-26 18:24:00,1280.6,1281.6,1274.6,1275.9,2061538.9172
651,2021-01-26 18:25:00,1275.9,1276.4,1269.7,1270.7,3417584.782
652,2021-01-26 18:26:00,1270.7,1271.0,1266.4,1270.3,4206368.7185
653,2021-01-26 18:27:00,1270.3,1270.8,1267.6,1268.5,1305379.9773
654,2021-01-26 18:28:00,1268.5,1269.0,1267.6,1267.7,574193.4195
655,2021-01-26 18:29:00,1267.7,1271.1,1265.6,1270.3,2644291.39
656,2021-01-26 18:30:00,1270.3,1273.8,1269.7,1272.2,818436.6692
657,2021-01-26 18:31:00,1272.2,1274.3,1271.7,1274.2,1544130.2689
658,2021-01-26 18:32:00,1274.3,1274.3,1269.5,1269.5,690232.137
659,2021-01-26 18:33:00,1269.4,1269.8,1265.8,1267.8,1704777.9833
660,2021-01-26 18:34:00,1267.8,1267.8,1262.3,1263.2,1677473.9174
661,2021-01-26 18:35:00,1263.2,1264.7,1261.3,1263.6,2124042.3166
662,2021-01-26 18:36:00,1263.6,1264.0,1257.5,1263.7,3380907.0238
663,2021-01-26 18:37:00,1263.7,1264.4,1254.5,1256.9,3348865.1548
664,2021-01-26 18:38:00,1256.9,1257.8,1252.2,1252.6,3278619.4383
665,2021-01-26 18:39:00,1252.6,1256.7,1250.6,1251.7,2476119.2462
666,2021-01-26 18:40:00,1251.7,1253.1,1248.9,1251.1,8729041.9858
667,2021-01-26 18:41:00,1250.7,1255.1,1250.7,1251.8,2186314.6562
668,2021-01-26 18:42:00,1251.9,1258.7,1251.2,1252.5,1587954.7459
669,2021-01-26 18:43:00,1252.5,1252.5,1246.6,1247.6,1357363.6643
670,2021-01-26 18:44:00,1247.7,1251.6,1247.6,1249.6,2769289.4703
671,2021-01-26 18:45:00,1249.6,1249.6,1244.5,1245.5,2179838.1337
672,2021-01-26 18:46:00,1245.5,1253.3,1245.4,1252.0,1730248.677
673,2021-01-26 18:47:00,1252.0,1252.2,1246.9,1250.2,1226455.7918
674,2021-01-26 18:48:00,1250.2,1257.4,1249.8,1257.2,1273832.8781
675,2021-01-26 18:49:00,1257.2,1263.3,1257.1,1262.2,2535121.6505
676,2021-01-26 18:50:00,1262.2,1264.4,1257.5,1258.8,2029796.4524
677,2021-01-26 18:51:00,1258.9,1262.0,1257.2,1261.6,1138395.3222
678,2021-01-26 18:52:00,1261.6,1264.0,1259.8,1261.0,807923.8058
679,2021-01-26 18:53:00,1261.0,1263.6,1259.0,1263.4,746138.3768
680,2021-01-26 18:54:00,1263.4,1265.5,1262.0,1262.1,1491343.427
681,2021-01-26 18:55:00,1262.1,1263.4,1260.8,1263.3,271836.3828
682,2021-01-26 18:56:00,1263.3,1265.3,1261.8,1263.9,1511571.6482
683,2021-01-26 18:57:00,1263.9,1264.1,1259.0,1260.4,501468.8287
684,2021-01-26 18:58:00,1260.4,1262.1,1258.1,1258.5,430013.6138
685,2021-01-26 18:59:00,1258.5,1261.6,1258.3,1259.8,1055502.7863
686,2021-01-26 19:00:00,1259.8,1262.2,1259.0,1261.9,1390491.3244
687,2021-01-26 19:01:00,1261.9,1265.8,1261.2,1265.7,1396373.9165
688,2021-01-26 19:02:00,1265.7,1267.0,1264.2,1266.7,537563.6829
689,2021-01-26 19:03:00,1266.7,1268.6,1264.4,1268.1,677638.4747
690,2021-01-26 19:04:00,1268.2,1269.0,1267.2,1267.2,474716.7162
691,2021-01-26 19:05:00,1267.0,1271.7,1267.0,1271.7,1688724.5237
692,2021-01-26 19:06:00,1271.7,1272.0,1270.0,1271.3,714596.6801
693,2021-01-26 19:07:00,1271.3,1275.3,1271.2,1275.2,451812.6721
694,2021-01-26 19:08:00,1275.2,1275.7,1272.8,1274.6,853644.2052
695,2021-01-26 19:09:00,1274.6,1276.0,1273.1,1275.3,1925300.1482
696,2021-01-26 19:10:00,1275.3,1278.0,1275.3,1275.9,1003671.1203
697,2021-01-26 19:11:00,1275.9,1276.4,1274.0,1274.3,519853.7939
698,2021-01-26 19:12:00,1274.3,1275.2,1273.0,1273.9,560456.9409
699,2021-01-26 19:13:00,1273.9,1274.1,1273.0,1273.3,1204228.6754
700,2021-01-26 19:14:00,1273.3,1274.6,1272.9,1274.1,1037836.7548
701,2021-01-26 19:15:00,1274.1,1274.2,1271.3,1272.4,1059343.1398
702,2021-01-26 19:16:00,1272.4,1272.8,1272.2,1272.5,610946.4925
703,2021-01-26 19:17:00,1272.5,1273.8,1271.8,1273.7,371970.1443
704,2021-01-26 19:18:00,1273.7,1273.7,1272.1,1273.3,215540.2646
705,2021-01-26 19:19:00,1273.3,1273.7,1270.5,1270.9,198784.9803
706,2021-01-26 19:20:00,1270.9,1273.3,1270.2,1272.9,216658.111
707,2021-01-26 19:21:00,1272.9,1274.3,1272.8,1272.8,920458.5053
708,2021-01-26 19:22:00,1272.8,1274.5,1272.2,1274.1,246731.3685
709,2021-01-26 19:23:00,1274.1,1274.3,1272.4,1273.0,303284.8212
710,2021-01-26 19:24:00,1273.0,1274.1,1271.1,1274.1,431942.4897
711,2021-01-26 19:25:00,1274.1,1280.5,1273.7,1279.7,1049251.5868
712,2021-01-26 19:26:00,1279.7,1281.5,1278.9,1279.9,947522.8506
713,2021-01-26 19:27:00,1279.9,1279.9,1276.7,1276.9,462444.2161
714,2021-01-26 19:28:00,1276.9,1277.0,1274.0,1274.7,916774.8696
715,2021-01-26 19:29:00,1274.7,1278.8,1274.7,1278.2,362524.9389
716,2021-01-26 19:30:00,1278.2,1280.2,1277.2,1278.1,919789.6186
717,2021-01-26 19:31:00,1278.1,1280.4,1277.5,1279.2,278297.7136
718,2021-01-26 19:32:00,1279.2,1280.0,1278.1,1278.4,234412.4257
719,2021-01-26 19:33:00,1278.4,1285.5,1278.1,1285.0,1334132.8289
720,2021-01-26 19:34:00,1285.4,1286.9,1284.6,1286.6,3200994.1865
721,2021-01-26 19:35:00,1286.6,1289.5,1286.5,1288.4,1162625.8163
722,2021-01-26 19:36:00,1288.4,1288.8,1285.2,1286.4,931784.5739
723,2021-01-26 19:37:00,1286.4,1287.1,1285.1,1287.1,576689.0979
724,2021-01-26 19:38:00,1287.1,1287.6,1284.8,1287.2,400736.9869
725,2021-01-26 19:39:00,1287.2,1289.4,1286.8,1287.9,707794.1563
726,2021-01-26 19:40:00,1287.9,1288.8,1285.4,1285.8,917244.334
727,2021-01-26 19:41:00,1285.8,1289.8,1285.4,1289.1,584272.232
728,2021-01-26 19:42:00,1289.1,1290.0,1288.3,1289.1,809681.7748
729,2021-01-26 19:43:00,1288.6,1289.0,1287.5,1288.2,278814.3754
730,2021-01-26 19:44:00,1288.2,1288.2,1286.9,1287.1,230535.7925
731,2021-01-26 19:45:00,1287.1,1291.0,1287.1,1289.0,1019519.8359
732,2021-01-26 19:46:00,1289.0,1289.2,1285.2,1287.3,605056.2383
733,2021-01-26 19:47:00,1287.3,1287.8,1282.7,1282.8,1464105.7821
734,2021-01-26 19:48:00,1282.8,1284.3,1281.9,1283.8,2513667.9181
735,2021-01-26 19:49:00,1283.8,1285.0,1282.6,1283.1,528695.9989
736,2021-01-26 19:50:00,1283.1,1283.6,1278.4,1282.6,1580838.2695
737,2021-01-26 19:51:00,1282.8,1284.8,1281.1,1284.1,1361729.8875
738,2021-01-26 19:52:00,1284.1,1285.5,1283.7,1284.4,477589.9587
739,2021-01-26 19:53:00,1284.4,1286.0,1281.8,1285.7,585207.3506
740,2021-01-26 19:54:00,1285.7,1286.0,1284.9,1285.9,1661508.5777
741,2021-01-26 19:55:00,1285.9,1288.5,1285.9,1287.4,1034633.3995
742,2021-01-26 19:56:00,1287.6,1287.6,1286.1,1286.7,796362.802
743,2021-01-26 19:57:00,1286.7,1288.1,1286.5,1287.6,140750.3869
744,2021-01-26 19:58:00,1287.6,1287.6,1285.5,1285.9,330289.9263
745,2021-01-26 19:59:00,1285.9,1286.0,1278.7,1279.1,3159197.3826
746,2021-01-26 20:00:00,1279.1,1281.2,1275.4,1277.2,4256662.4258
747,2021-01-26 20:01:00,1277.2,1282.3,1272.1,1282.3,2438754.2297
748,2021-01-26 20:02:00,1282.3,1296.0,1281.5,1294.9,6010738.6674
749,2021-01-26 20:03:00,1294.7,1298.8,1293.9,1294.5,2400700.5756
750,2021-01-26 20:04:00,1294.5,1300.0,1292.0,1299.8,1546450.9106
751,2021-01-26 20:05:00,1299.6,1307.3,1299.5,1305.3,7020040.3689
752,2021-01-26 20:06:00,1305.4,1309.5,1303.2,1303.3,4638875.5434
753,2021-01-26 20:07:00,1303.3,1307.1,1300.3,1301.2,1381606.2278
754,2021-01-26 20:08:00,1301.2,1305.9,1300.7,1301.6,1203749.5224
755,2021-01-26 20:09:00,1301.6,1304.1,1297.0,1298.8,1754798.8518
756,2021-01-26 20:10:00,1298.8,1299.5,1294.0,1295.3,3343145.0306
757,2021-01-26 20:11:00,1295.3,1295.3,1285.9,1288.9,4811198.104
758,2021-01-26 20:12:00,1288.7,1291.6,1281.1,1286.1,2945845.621
759,2021-01-26 20:13:00,1286.1,1287.2,1280.3,1281.0,2304730.974
760,2021-01-26 20:14:00,1281.0,1285.8,1280.4,1281.5,1232320.9315
761,2021-01-26 20:15:00,1281.3,1283.9,1274.5,1274.8,2665151.5353
762,2021-01-26 20:16:00,1274.6,1277.6,1272.8,1276.0,1557039.47
763,2021-01-26 20:17:00,1276.0,1276.8,1269.3,1272.1,4111452.7789
764,2021-01-26 20:18:00,1272.1,1273.8,1269.3,1270.3,2216174.4176
765,2021-01-26 20:19:00,1270.1,1276.2,1266.8,1275.0,2801535.7689
766,2021-01-26 20:20:00,1275.0,1276.8,1271.2,1275.8,1489618.3209
767,2021-01-26 20:21:00,1275.8,1275.8,1272.0,1274.0,1415863.0591
768,2021-01-26 20:22:00,1274.0,1278.1,1273.7,1275.4,792917.4711
769,2021-01-26 20:23:00,1275.4,1281.5,1275.4,1281.3,1047012.2078
770,2021-01-26 20:24:00,1281.3,1284.8,1281.0,1282.7,2197992.2498
771,2021-01-26 20:25:00,1282.7,1283.8,1279.5,1283.2,1039371.8646
772,2021-01-26 20:26:00,1283.2,1283.5,1280.2,1282.1,481495.0991
773,2021-01-26 20:27:00,1282.1,1283.9,1280.9,1283.5,727756.6134
774,2021-01-26 20:28:00,1283.5,1289.1,1283.5,1287.8,528787.3234
775,2021-01-26 20:29:00,1287.8,1290.7,1287.2,1290.2,1527258.2423
776,2021-01-26 20:30:00,1290.2,1295.0,1288.4,1295.0,771004.9952
777,2021-01-26 20:31:00,1295.0,1295.2,1292.5,1294.1,1084192.5909
778,2021-01-26 20:32:00,1294.1,1303.8,1293.8,1300.9,1659788.4569
779,2021-01-26 20:33:00,1300.9,1301.0,1298.1,1298.2,933535.2568
780,2021-01-26 20:34:00,1298.2,1299.5,1294.6,1299.5,2170047.3698
781,2021-01-26 20:35:00,1299.5,1299.7,1295.9,1297.9,3190540.8602
782,2021-01-26 20:36:00,1297.9,1298.0,1295.5,1295.6,1539836.9474
783,2021-01-26 20:37:00,1295.6,1298.4,1295.5,1297.7,1226787.3647
784,2021-01-26 20:38:00,1297.7,1300.3,1295.5,1300.3,683384.837
785,2021-01-26 20:39:00,1300.3,1304.0,1298.1,1303.6,3068709.4912
786,2021-01-26 20:40:00,1303.6,1305.4,1301.0,1302.2,5216542.5265
787,2021-01-26 20:41:00,1302.2,1306.2,1302.0,1305.4,1198402.2724
788,2021-01-26 20:42:00,1305.4,1307.5,1303.8,1305.6,3027899.8123
789,2021-01-26 20:43:00,1305.6,1311.6,1305.6,1308.0,4309321.0658
790,2021-01-26 20:44:00,1308.0,1308.1,1304.1,1306.7,1198842.5946
791,2021-01-26 20:45:00,1306.7,1309.9,1305.5,1309.4,3403819.5389
792,2021-01-26 20:46:00,1309.4,1310.9,1306.1,1306.8,5273315.3492
793,2021-01-26 20:47:00,1306.8,1310.0,1306.7,1308.5,2973078.9597
794,2021-01-26 20:48:00,1308.6,1308.8,1306.7,1308.7,2272714.5012
795,2021-01-26 20:49:00,1308.7,1308.8,1307.2,1307.2,1154654.2132
796,2021-01-26 20:50:00,1307.2,1307.5,1300.0,1302.3,2073313.4231
797,2021-01-26 20:51:00,1302.3,1306.2,1302.3,1306.0,1155062.7437
798,2021-01-26 20:52:00,1306.0,1306.3,1304.0,1304.6,515054.5725
799,2021-01-26 20:53:00,1304.7,1306.8,1304.1,1306.7,708173.4712
800,2021-01-26 20:54:00,1306.7,1310.4,1304.7,1309.7,921972.3515
801,2021-01-26 20:55:00,1309.7,1310.1,1305.4,1305.4,852517.7744
802,2021-01-26 20:56:00,1305.4,1309.0,1305.1,1308.5,988226.4751
803,2021-01-26 20:57:00,1308.5,1310.1,1308.3,1310.1,1791931.4117
804,2021-01-26 20:58:00,1310.1,1310.1,1306.4,1307.1,441321.8856
805,2021-01-26 20:59:00,1307.1,1310.1,1306.9,1309.8,607005.8124
806,2021-01-26 21:00:00,1309.8,1315.0,1309.5,1313.4,1855700.249
807,2021-01-26 21:01:00,1313.3,1313.8,1311.9,1313.3,1605438.2586
808,2021-01-26 21:02:00,1313.3,1315.6,1313.0,1315.0,2211423.5452
809,2021-01-26 21:03:00,1315.1,1315.1,1313.3,1313.5,793711.9093
810,2021-01-26 21:04:00,1313.5,1315.0,1312.3,1313.1,611126.5012
811,2021-01-26 21:05:00,1313.1,1314.0,1312.0,1313.9,515032.7673
812,2021-01-26 21:06:00,1313.9,1313.9,1311.4,1313.5,448683.5806
813,2021-01-26 21:07:00,1313.5,1314.3,1312.3,1312.6,775054.5866
814,2021-01-26 21:08:00,1312.7,1314.4,1312.2,1313.0,783935.6084
815,2021-01-26 21:09:00,1313.0,1313.0,1312.4,1312.8,248448.0814
816,2021-01-26 21:10:00,1312.8,1318.2,1312.8,1314.8,3521007.5998
817,2021-01-26 21:11:00,1314.8,1315.5,1312.8,1313.3,452102.8765
818,2021-01-26 21:12:00,1313.3,1315.0,1313.0,1313.9,332967.8765
819,2021-01-26 21:13:00,1313.9,1315.0,1312.9,1313.1,507842.5221
820,2021-01-26 21:14:00,1313.1,1313.8,1312.4,1312.9,1118576.1982
821,2021-01-26 21:15:00,1312.9,1315.5,1311.9,1313.0,1114461.5809
822,2021-01-26 21:16:00,1313.0,1313.7,1306.3,1307.6,1560089.5704
823,2021-01-26 21:17:00,1307.6,1307.9,1303.4,1305.7,1265935.4212
824,2021-01-26 21:18:00,1305.8,1306.7,1305.2,1306.5,732573.3524
825,2021-01-26 21:19:00,1306.5,1307.0,1305.3,1306.0,748080.5915
826,2021-01-26 21:20:00,1306.0,1309.1,1306.0,1306.5,452139.7547
827,2021-01-26 21:21:00,1306.5,1309.0,1306.5,1308.2,1014351.0223
828,2021-01-26 21:22:00,1308.2,1310.0,1308.2,1309.2,678388.6441
829,2021-01-26 21:23:00,1309.3,1314.4,1309.2,1313.8,598741.6523
830,2021-01-26 21:24:00,1313.8,1314.1,1311.5,1311.7,645560.1682
831,2021-01-26 21:25:00,1311.7,1312.9,1308.0,1308.1,763640.5591
832,2021-01-26 21:26:00,1308.1,1312.7,1306.1,1310.9,724374.2128
833,2021-01-26 21:27:00,1310.9,1314.4,1310.9,1313.9,424297.0501
834,2021-01-26 21:28:00,1313.9,1322.2,1313.4,1321.9,1272157.1552
835,2021-01-26 21:29:00,1321.9,1323.0,1316.4,1318.6,1595168.8305
836,2021-01-26 21:30:00,1318.6,1320.0,1315.8,1316.1,740964.3804
837,2021-01-26 21:31:00,1316.1,1316.1,1311.9,1314.6,1043864.3724
838,2021-01-26 21:32:00,1314.6,1317.0,1313.2,1316.3,974150.1473
839,2021-01-26 21:33:00,1316.3,1320.4,1316.1,1319.3,364926.6939
840,2021-01-26 21:34:00,1319.3,1320.3,1316.0,1316.3,908024.4745
841,2021-01-26 21:35:00,1316.3,1317.5,1315.0,1316.1,1264165.6606
842,2021-01-26 21:36:00,1316.1,1316.6,1315.0,1315.9,679529.9621
843,2021-01-26 21:37:00,1315.9,1318.3,1314.7,1315.8,257083.7559
844,2021-01-26 21:38:00,1315.8,1316.7,1315.0,1315.4,622740.2775
845,2021-01-26 21:39:00,1315.5,1315.8,1314.4,1314.8,121002.3772
846,2021-01-26 21:40:00,1314.8,1315.7,1314.3,1314.3,222043.9759
847,2021-01-26 21:41:00,1314.3,1314.5,1310.5,1311.1,511939.2362
848,2021-01-26 21:42:00,1311.1,1312.1,1308.8,1312.1,743364.4046
849,2021-01-26 21:43:00,1312.1,1313.2,1310.8,1311.3,331776.9533
850,2021-01-26 21:44:00,1311.3,1311.3,1309.0,1310.6,660283.4802
851,2021-01-26 21:45:00,1310.6,1311.7,1309.3,1310.7,203627.4796
852,2021-01-26 21:46:00,1310.7,1310.8,1309.1,1310.8,471884.0921
853,2021-01-26 21:47:00,1310.8,1313.8,1310.4,1310.5,478492.2576
854,2021-01-26 21:48:00,1310.5,1312.0,1310.4,1311.3,101093.6479
855,2021-01-26 21:49:00,1311.3,1313.8,1310.9,1313.6,283268.2866
856,2021-01-26 21:50:00,1313.6,1319.3,1312.4,1319.2,381920.7136
857,2021-01-26 21:51:00,1319.2,1324.3,1318.8,1322.5,1799657.6946
858,2021-01-26 21:52:00,1322.5,1323.0,1319.0,1319.8,1262430.2696
859,2021-01-26 21:53:00,1319.8,1320.8,1317.6,1320.1,313887.0393
860,2021-01-26 21:54:00,1320.1,1324.7,1320.1,1324.5,777053.9638
861,2021-01-26 21:55:00,1324.7,1327.2,1324.1,1325.4,1836251.6853
862,2021-01-26 21:56:00,1325.4,1326.7,1325.0,1325.4,2290875.923
863,2021-01-26 21:57:00,1325.4,1325.9,1325.0,1325.0,1560148.216
864,2021-01-26 21:58:00,1325.0,1330.8,1325.0,1329.1,2351969.7074
865,2021-01-26 21:59:00,1329.1,1331.1,1328.4,1331.1,548344.5297
866,2021-01-26 22:00:00,1331.1,1337.1,1330.5,1334.3,3282755.5264
867,2021-01-26 22:01:00,1334.3,1335.0,1331.0,1332.6,2921177.3814
868,2021-01-26 22:02:00,1332.7,1334.1,1331.6,1333.2,531636.6281
869,2021-01-26 22:03:00,1333.2,1334.0,1329.4,1331.6,2265338.0917
870,2021-01-26 22:04:00,1331.7,1331.7,1325.5,1325.8,1414419.5987
871,2021-01-26 22:05:00,1325.8,1328.5,1325.0,1326.2,916927.8153
872,2021-01-26 22:06:00,1326.2,1326.3,1322.9,1323.1,598664.9209
873,2021-01-26 22:07:00,1323.2,1325.4,1321.0,1321.0,379086.3878
874,2021-01-26 22:08:00,1321.0,1324.3,1320.4,1322.9,865159.5947
875,2021-01-26 22:09:00,1322.9,1323.0,1318.6,1319.7,867178.6166
876,2021-01-26 22:10:00,1319.7,1322.6,1319.6,1321.2,399510.242
877,2021-01-26 22:11:00,1321.2,1321.4,1319.5,1321.2,369464.0754
878,2021-01-26 22:12:00,1321.2,1322.4,1319.1,1322.4,363841.5977
879,2021-01-26 22:13:00,1322.4,1322.5,1320.2,1320.2,316503.6154
880,2021-01-26 22:14:00,1320.2,1323.7,1320.2,1323.7,1689349.0916
881,2021-01-26 22:15:00,1323.7,1324.2,1322.6,1324.2,551967.1856
882,2021-01-26 22:16:00,1324.2,1328.2,1323.4,1328.2,254299.5962
883,2021-01-26 22:17:00,1328.3,1330.6,1327.8,1330.6,283176.8601
884,2021-01-26 22:18:00,1330.6,1333.3,1329.0,1333.3,349148.8804
885,2021-01-26 22:19:00,1333.3,1333.8,1331.1,1331.7,987037.945
886,2021-01-26 22:20:00,1331.7,1331.7,1327.0,1327.0,419213.5752
887,2021-01-26 22:21:00,1327.0,1329.8,1326.8,1329.7,218169.8241
888,2021-01-26 22:22:00,1329.7,1333.8,1328.1,1328.4,1242372.2279
889,2021-01-26 22:23:00,1328.4,1328.9,1326.0,1328.2,200319.1502
890,2021-01-26 22:24:00,1328.2,1328.5,1327.3,1327.7,998386.1274
891,2021-01-26 22:25:00,1327.7,1331.5,1327.7,1331.4,294421.9206
892,2021-01-26 22:26:00,1331.4,1332.4,1328.2,1328.2,350306.1882
893,2021-01-26 22:27:00,1328.2,1330.2,1328.0,1328.4,207712.7174
894,2021-01-26 22:28:00,1328.4,1329.2,1328.3,1328.8,88602.359
895,2021-01-26 22:29:00,1328.8,1329.7,1327.7,1328.3,310015.0503
896,2021-01-26 22:30:00,1328.3,1332.7,1328.3,1332.7,754820.2273
897,2021-01-26 22:31:00,1332.7,1337.0,1332.5,1336.7,735091.9833
898,2021-01-26 22:32:00,1336.8,1338.7,1334.1,1336.2,607429.837
899,2021-01-26 22:33:00,1336.2,1337.1,1335.4,1336.0,228422.5139
900,2021-01-26 22:34:00,1336.0,1337.9,1334.6,1337.1,205652.8124
901,2021-01-26 22:35:00,1337.1,1339.2,1336.6,1339.0,346726.5155
902,2021-01-26 22:36:00,1339.0,1339.0,1333.9,1334.7,454883.0363
903,2021-01-26 22:37:00,1334.7,1335.8,1333.4,1333.8,1650974.3186
904,2021-01-26 22:38:00,1333.8,1334.8,1331.6,1332.1,420797.0949
905,2021-01-26 22:39:00,1332.2,1334.1,1331.5,1331.5,559046.1843
906,2021-01-26 22:40:00,1331.5,1334.9,1331.3,1332.4,212882.9812
907,2021-01-26 22:41:00,1332.4,1332.9,1329.0,1329.1,872832.0465
908,2021-01-26 22:42:00,1329.1,1330.4,1328.0,1328.4,521846.8659
909,2021-01-26 22:43:00,1328.5,1334.5,1328.5,1333.5,189750.0961
910,2021-01-26 22:44:00,1333.5,1333.5,1329.1,1330.9,317577.6041
911,2021-01-26 22:45:00,1330.9,1332.1,1328.9,1328.9,721195.3116
912,2021-01-26 22:46:00,1328.9,1330.1,1327.4,1329.7,447427.2466
913,2021-01-26 22:47:00,1329.7,1333.2,1328.9,1332.8,170142.168
914,2021-01-26 22:48:00,1332.8,1332.9,1330.1,1330.7,158483.3335
915,2021-01-26 22:49:00,1330.7,1332.3,1329.2,1329.6,1891899.6354
916,2021-01-26 22:50:00,1329.6,1331.7,1328.9,1329.0,974939.8963
917,2021-01-26 22:51:00,1329.0,1331.5,1328.8,1329.9,2031741.7451
918,2021-01-26 22:52:00,1329.9,1330.0,1328.9,1329.0,920802.4039
919,2021-01-26 22:53:00,1329.0,1330.0,1328.5,1329.4,1697764.6384
920,2021-01-26 22:54:00,1329.4,1329.4,1327.6,1327.7,529843.2196
921,2021-01-26 22:55:00,1327.7,1328.0,1326.8,1327.1,1319910.385
922,2021-01-26 22:56:00,1327.1,1327.9,1324.9,1325.8,377922.0315
923,2021-01-26 22:57:00,1325.8,1329.5,1325.3,1328.9,741247.1368
924,2021-01-26 22:58:00,1328.9,1337.0,1327.6,1336.4,1257954.0275
925,2021-01-26 22:59:00,1336.4,1338.6,1334.0,1334.1,747223.5677
926,2021-01-26 23:00:00,1334.1,1338.7,1334.1,1338.6,809118.4726
927,2021-01-26 23:01:00,1338.6,1341.3,1338.5,1340.6,901736.4469
928,2021-01-26 23:02:00,1340.6,1346.7,1340.6,1345.2,2201291.2739
929,2021-01-26 23:03:00,1345.2,1345.3,1341.3,1342.0,1038492.61
930,2021-01-26 23:04:00,1342.0,1344.4,1341.7,1344.2,583618.0774
931,2021-01-26 23:05:00,1344.2,1344.7,1342.5,1344.1,647816.3704
932,2021-01-26 23:06:00,1344.1,1344.9,1342.7,1344.7,323539.0003
933,2021-01-26 23:07:00,1344.7,1348.0,1344.5,1347.2,1147582.5975
934,2021-01-26 23:08:00,1347.2,1348.2,1346.1,1347.3,904711.5346
935,2021-01-26 23:09:00,1347.3,1353.0,1347.3,1350.9,3735332.6193
936,2021-01-26 23:10:00,1350.9,1353.1,1350.4,1352.9,974086.7142
937,2021-01-26 23:11:00,1352.9,1354.0,1352.6,1354.0,778239.4013
938,2021-01-26 23:12:00,1354.0,1354.3,1349.0,1349.3,2827442.6545
939,2021-01-26 23:13:00,1349.3,1349.3,1344.0,1347.9,1258654.7511
940,2021-01-26 23:14:00,1347.9,1348.0,1344.0,1345.0,912682.3484
941,2021-01-26 23:15:00,1345.0,1350.2,1345.0,1348.8,364025.0935
942,2021-01-26 23:16:00,1348.7,1349.1,1346.6,1346.8,525616.711
943,2021-01-26 23:17:00,1346.8,1346.9,1340.1,1342.6,3804812.089
944,2021-01-26 23:18:00,1342.6,1344.7,1340.9,1341.5,1370656.5255
945,2021-01-26 23:19:00,1341.5,1343.0,1341.5,1343.0,373661.2739
946,2021-01-26 23:20:00,1343.0,1346.5,1343.0,1343.7,1754472.3795
947,2021-01-26 23:21:00,1343.7,1343.8,1341.9,1343.5,529099.9663
948,2021-01-26 23:22:00,1343.5,1343.5,1342.0,1342.5,286363.823
949,2021-01-26 23:23:00,1342.5,1345.2,1341.9,1342.0,379860.5195
950,2021-01-26 23:24:00,1342.0,1342.2,1335.2,1335.2,1219776.818
951,2021-01-26 23:25:00,1337.3,1340.1,1335.2,1339.5,1660803.0128
952,2021-01-26 23:26:00,1339.5,1340.9,1337.9,1338.2,1130347.2394
953,2021-01-26 23:27:00,1338.2,1338.5,1336.8,1336.8,252359.2381
954,2021-01-26 23:28:00,1336.8,1337.4,1335.5,1336.3,1852660.9344
955,2021-01-26 23:29:00,1336.3,1338.9,1336.3,1337.3,1252321.28
956,2021-01-26 23:30:00,1337.3,1343.3,1337.3,1343.2,2328869.3778
957,2021-01-26 23:31:00,1343.2,1346.8,1343.0,1345.1,584409.9227
958,2021-01-26 23:32:00,1345.1,1346.7,1345.0,1345.9,2252167.8648
959,2021-01-26 23:33:00,1345.9,1346.0,1344.3,1344.6,639585.8984
960,2021-01-26 23:34:00,1344.6,1347.1,1344.3,1345.7,300245.6974
961,2021-01-26 23:35:00,1345.7,1346.8,1345.0,1346.4,271886.571
962,2021-01-26 23:36:00,1346.4,1346.8,1343.3,1343.5,170582.0906
963,2021-01-26 23:37:00,1343.5,1343.5,1341.5,1341.5,919695.8391
964,2021-01-26 23:38:00,1341.5,1342.8,1338.2,1338.9,374917.5722
965,2021-01-26 23:39:00,1338.9,1340.5,1337.6,1338.8,245124.7121
966,2021-01-26 23:40:00,1338.7,1340.9,1338.3,1340.9,114597.1022
967,2021-01-26 23:41:00,1340.9,1344.5,1340.9,1342.4,289942.468
968,2021-01-26 23:42:00,1342.4,1342.8,1338.4,1339.9,411673.5366
969,2021-01-26 23:43:00,1339.9,1344.4,1338.4,1344.4,197489.6234
970,2021-01-26 23:44:00,1344.4,1345.7,1343.4,1344.3,260125.8649
971,2021-01-26 23:45:00,1344.3,1344.3,1341.0,1341.8,2180263.4847
972,2021-01-26 23:46:00,1341.8,1342.4,1340.1,1340.1,114988.8971
973,2021-01-26 23:47:00,1340.1,1340.6,1339.1,1339.9,344070.6572
974,2021-01-26 23:48:00,1339.9,1341.2,1339.6,1341.2,113123.7633
975,2021-01-26 23:49:00,1341.2,1344.0,1340.4,1340.5,1500570.3512
976,2021-01-26 23:50:00,1340.5,1340.9,1332.7,1335.2,1108812.4307
977,2021-01-26 23:51:00,1335.2,1335.8,1333.9,1334.8,994461.9715
978,2021-01-26 23:52:00,1334.8,1338.5,1334.7,1338.5,274528.7277
979,2021-01-26 23:53:00,1338.5,1339.3,1335.8,1339.0,354141.1589
980,2021-01-26 23:54:00,1339.0,1340.4,1336.5,1340.1,858280.1486
981,2021-01-26 23:55:00,1340.1,1341.3,1339.1,1339.3,1046826.2043
982,2021-01-26 23:56:00,1339.3,1340.0,1338.1,1339.1,437664.1523
983,2021-01-26 23:57:00,1339.1,1341.0,1337.9,1340.2,1047930.6817
984,2021-01-26 23:58:00,1340.2,1341.9,1339.6,1341.6,113692.3055
985,2021-01-26 23:59:00,1341.6,1343.1,1340.6,1342.8,542388.1524
986,2021-01-27 00:00:00,1342.8,1346.6,1342.2,1345.8,1672915.4491
987,2021-01-27 00:01:00,1345.8,1346.9,1345.1,1345.1,833722.6828
988,2021-01-27 00:02:00,1345.1,1345.4,1343.9,1345.1,418561.3394
989,2021-01-27 00:03:00,1345.1,1351.0,1345.0,1350.8,411062.3637
990,2021-01-27 00:04:00,1350.8,1353.9,1349.8,1352.6,1572174.0957
991,2021-01-27 00:05:00,1352.6,1352.6,1348.8,1349.2,304193.9062
992,2021-01-27 00:06:00,1349.2,1352.8,1347.7,1352.6,761539.2439
993,2021-01-27 00:07:00,1352.6,1352.6,1351.4,1351.8,424597.1911
994,2021-01-27 00:08:00,1351.8,1356.5,1351.3,1355.8,862871.3233
995,2021-01-27 00:09:00,1355.8,1357.2,1355.3,1356.0,689805.538
996,2021-01-27 00:10:00,1356.0,1359.5,1355.4,1358.0,1635111.1343
997,2021-01-27 00:11:00,1358.0,1359.7,1355.5,1359.2,437413.1618
998,2021-01-27 00:12:00,1359.2,1360.0,1358.1,1359.5,1128894.7472
999,2021-01-27 00:13:00,1359.5,1362.0,1359.4,1362.0,735116.3959
1000,2021-01-27 00:14:00,1362.0,1363.2,1359.6,1360.2,1122475.7213
1001,2021-01-27 00:15:00,1360.2,1364.3,1360.2,1363.0,2006038.2471
1002,2021-01-27 00:16:00,1363.0,1363.5,1362.8,1363.0,311562.3333
1003,2021-01-27 00:17:00,1363.0,1363.0,1356.4,1357.4,1353983.8375
1004,2021-01-27 00:18:00,1357.3,1359.3,1357.0,1357.9,1273579.0439
1005,2021-01-27 00:19:00,1357.9,1359.3,1355.8,1355.8,434964.3935
1006,2021-01-27 00:20:00,1355.8,1358.1,1355.7,1356.9,255937.1758
1007,2021-01-27 00:21:00,1356.9,1357.1,1355.0,1355.6,318747.3899
1008,2021-01-27 00:22:00,1355.6,1355.7,1351.5,1351.6,1047038.8625
1009,2021-01-27 00:23:00,1351.6,1352.0,1349.0,1350.7,486121.3929
1010,2021-01-27 00:24:00,1350.7,1353.4,1350.7,1351.9,261528.0532
1011,2021-01-27 00:25:00,1351.9,1354.7,1351.0,1351.0,424122.2273
1012,2021-01-27 00:26:00,1351.0,1354.8,1350.2,1354.1,246071.0921
1013,2021-01-27 00:27:00,1354.1,1354.5,1350.5,1351.7,158128.6732
1014,2021-01-27 00:28:00,1351.7,1351.7,1349.8,1350.2,123785.031
1015,2021-01-27 00:29:00,1350.2,1350.8,1349.5,1350.1,74961.1773
1016,2021-01-27 00:30:00,1350.1,1352.7,1349.9,1350.4,552918.5564
1017,2021-01-27 00:31:00,1350.4,1351.5,1346.8,1346.9,1085442.8606
1018,2021-01-27 00:32:00,1346.9,1347.9,1344.4,1344.9,523688.5011
1019,2021-01-27 00:33:00,1345.0,1345.3,1343.5,1343.6,423854.946
1020,2021-01-27 00:34:00,1343.6,1343.6,1338.2,1340.3,1570356.5863
1021,2021-01-27 00:35:00,1340.3,1342.4,1338.7,1342.4,514267.5838
1022,2021-01-27 00:36:00,1342.4,1342.7,1340.3,1340.3,374695.5955
1023,2021-01-27 00:37:00,1340.3,1341.6,1339.0,1339.0,1361610.9913
1024,2021-01-27 00:38:00,1339.0,1341.6,1338.2,1339.9,1058903.0021
1025,2021-01-27 00:39:00,1339.9,1341.5,1337.5,1340.8,370446.2338
1026,2021-01-27 00:40:00,1340.8,1343.7,1340.8,1341.9,933416.9379
1027,2021-01-27 00:41:00,1341.9,1342.0,1339.2,1340.9,687895.2148
1028,2021-01-27 00:42:00,1340.9,1341.4,1339.7,1340.3,248069.9543
1029,2021-01-27 00:43:00,1340.2,1342.8,1339.7,1341.5,664773.1308
1030,2021-01-27 00:44:00,1341.5,1341.5,1339.6,1340.6,202742.6596
1031,2021-01-27 00:45:00,1340.6,1342.4,1340.5,1340.7,126815.2246
1032,2021-01-27 00:46:00,1340.7,1342.1,1338.2,1338.9,832830.9798
1033,2021-01-27 00:47:00,1339.0,1340.1,1336.4,1336.4,323866.275
1034,2021-01-27 00:48:00,1336.4,1338.7,1335.7,1338.7,1615842.2532
1035,2021-01-27 00:49:00,1338.7,1338.7,1336.7,1337.5,300120.0759
1036,2021-01-27 00:50:00,1337.5,1341.6,1337.5,1340.7,1692128.2062
1037,2021-01-27 00:51:00,1340.7,1340.9,1338.6,1339.0,207827.225
1038,2021-01-27 00:52:00,1339.0,1340.4,1337.6,1338.2,1110741.8979
1039,2021-01-27 00:53:00,1338.2,1339.1,1337.3,1338.9,183640.2815
1040,2021-01-27 00:54:00,1338.9,1338.9,1335.4,1336.4,808703.7678
1041,2021-01-27 00:55:00,1336.4,1337.1,1331.6,1334.7,1645194.8224
1042,2021-01-27 00:56:00,1334.7,1335.0,1332.8,1334.6,623320.2277
1043,2021-01-27 00:57:00,1334.6,1339.9,1334.5,1338.7,805159.825
1044,2021-01-27 00:58:00,1338.7,1338.9,1335.8,1336.2,146509.623
1045,2021-01-27 00:59:00,1336.2,1338.8,1335.5,1338.7,238795.0845
1046,2021-01-27 01:00:00,1338.7,1342.6,1338.7,1342.1,1132760.8995
1047,2021-01-27 01:01:00,1342.1,1342.1,1336.8,1337.1,691973.1892
1048,2021-01-27 01:02:00,1337.1,1337.1,1333.0,1333.4,692577.8177
1049,2021-01-27 01:03:00,1333.4,1336.2,1333.1,1333.6,502370.6549
1050,2021-01-27 01:04:00,1333.6,1337.4,1332.7,1337.3,601108.2195
1051,2021-01-27 01:05:00,1337.3,1339.7,1337.0,1339.0,1309987.9431
1052,2021-01-27 01:06:00,1339.0,1339.7,1336.7,1339.4,899908.2083
1053,2021-01-27 01:07:00,1339.4,1339.9,1338.0,1339.4,312686.9621
1054,2021-01-27 01:08:00,1339.3,1340.3,1339.0,1340.1,94974.1952
1055,2021-01-27 01:09:00,1340.1,1340.2,1337.6,1338.7,165714.8278
1056,2021-01-27 01:10:00,1338.7,1339.6,1337.3,1339.5,123097.2885
1057,2021-01-27 01:11:00,1339.5,1339.5,1337.5,1337.6,119356.3935
1058,2021-01-27 01:12:00,1337.6,1338.3,1336.8,1338.3,68112.4865
1059,2021-01-27 01:13:00,1338.3,1338.4,1336.4,1337.3,234448.0788
1060,2021-01-27 01:14:00,1337.3,1338.9,1336.6,1338.7,129544.7979
1061,2021-01-27 01:15:00,1338.8,1340.0,1337.5,1337.9,292630.1244
1062,2021-01-27 01:16:00,1337.9,1338.7,1337.1,1337.2,44235.1509
1063,2021-01-27 01:17:00,1337.2,1337.3,1334.8,1334.8,81010.8613
1064,2021-01-27 01:18:00,1334.8,1334.8,1331.9,1333.2,262530.2104
1065,2021-01-27 01:19:00,1333.2,1333.3,1330.2,1332.2,708417.8128
1066,2021-01-27 01:20:00,1332.2,1335.2,1331.2,1334.9,689647.7748
1067,2021-01-27 01:21:00,1334.9,1341.4,1334.9,1341.3,1692011.246
1068,2021-01-27 01:22:00,1341.3,1343.0,1340.0,1342.4,542620.1848
1069,2021-01-27 01:23:00,1342.4,1347.2,1341.0,1345.6,529290.6311
1070,2021-01-27 01:24:00,1345.6,1348.4,1345.2,1346.5,418799.7576
1071,2021-01-27 01:25:00,1346.5,1350.0,1346.5,1349.7,1141174.8763
1072,2021-01-27 01:26:00,1349.7,1351.1,1348.0,1350.2,1096008.3833
1073,2021-01-27 01:27:00,1350.2,1350.5,1348.6,1350.3,285819.9813
1074,2021-01-27 01:28:00,1350.3,1355.6,1350.2,1354.1,2744504.7342
1075,2021-01-27 01:29:00,1354.1,1356.0,1353.8,1355.2,440595.0479
1076,2021-01-27 01:30:00,1355.2,1359.7,1355.1,1359.3,539497.053
1077,2021-01-27 01:31:00,1359.3,1360.6,1359.3,1360.5,164529.8635
1078,2021-01-27 01:32:00,1360.5,1364.5,1358.4,1358.4,1519617.6123
1079,2021-01-27 01:33:00,1358.4,1359.5,1349.0,1350.2,1914959.2966
1080,2021-01-27 01:34:00,1350.3,1354.9,1350.0,1354.8,488748.9565
1081,2021-01-27 01:35:00,1354.8,1357.8,1354.5,1357.8,907598.7387
1082,2021-01-27 01:36:00,1357.8,1357.8,1351.8,1354.5,299337.494
1083,2021-01-27 01:37:00,1354.5,1354.8,1351.4,1351.6,82552.3661
1084,2021-01-27 01:38:00,1351.6,1352.0,1344.6,1347.2,928412.5935
1085,2021-01-27 01:39:00,1347.2,1347.5,1343.7,1346.9,766152.6291
1086,2021-01-27 01:40:00,1346.9,1350.4,1346.0,1349.8,364279.8168
1087,2021-01-27 01:41:00,1349.8,1352.8,1349.8,1352.8,195918.8203
1088,2021-01-27 01:42:00,1352.8,1354.5,1348.1,1351.7,403564.2849
1089,2021-01-27 01:43:00,1351.7,1353.6,1351.5,1352.6,149090.6531
1090,2021-01-27 01:44:00,1352.4,1352.7,1349.2,1351.8,368424.6848
1091,2021-01-27 01:45:00,1351.8,1351.9,1349.8,1351.8,48647.3536
1092,2021-01-27 01:46:00,1351.8,1351.8,1348.0,1348.0,342988.5955
1093,2021-01-27 01:47:00,1348.0,1348.0,1343.8,1344.2,872423.1389
1094,2021-01-27 01:48:00,1344.2,1347.8,1343.7,1345.1,260201.5795
1095,2021-01-27 01:49:00,1345.1,1346.5,1343.7,1344.1,882763.0415
1096,2021-01-27 01:50:00,1344.2,1344.7,1337.2,1338.5,616185.155
1097,2021-01-27 01:51:00,1338.4,1339.4,1336.0,1336.9,873838.0339
1098,2021-01-27 01:52:00,1336.9,1340.8,1336.1,1339.0,196421.7886
1099,2021-01-27 01:53:00,1339.0,1339.4,1336.5,1338.6,1191640.8107
1100,2021-01-27 01:54:00,1338.6,1341.7,1338.4,1340.8,444957.8375
1101,2021-01-27 01:55:00,1340.8,1340.8,1336.0,1336.6,538528.0143
1102,2021-01-27 01:56:00,1336.6,1339.6,1336.6,1338.5,191263.5012
1103,2021-01-27 01:57:00,1338.5,1338.8,1336.5,1337.5,512182.9186
1104,2021-01-27 01:58:00,1337.5,1337.5,1333.3,1335.6,718906.5292
1105,2021-01-27 01:59:00,1335.6,1338.5,1334.5,1335.2,150351.7768
1106,2021-01-27 02:00:00,1335.2,1335.5,1331.5,1332.3,965865.4659
1107,2021-01-27 02:01:00,1332.3,1334.5,1332.3,1333.0,87664.2316
1108,2021-01-27 02:02:00,1333.0,1337.0,1333.0,1336.1,239034.4617
1109,2021-01-27 02:03:00,1336.1,1336.1,1330.8,1331.9,871061.3829
1110,2021-01-27 02:04:00,1331.9,1334.9,1331.9,1334.0,195300.0831
1111,2021-01-27 02:05:00,1334.0,1335.9,1333.7,1335.5,526441.0579
1112,2021-01-27 02:06:00,1335.5,1335.5,1332.0,1334.3,199009.0391
1113,2021-01-27 02:07:00,1334.3,1334.4,1332.3,1332.3,81824.4109
1114,2021-01-27 02:08:00,1332.3,1334.5,1332.3,1334.0,478802.6423
1115,2021-01-27 02:09:00,1334.0,1334.0,1330.9,1330.9,924478.5355
1116,2021-01-27 02:10:00,1330.9,1332.5,1330.4,1331.7,354980.4469
1117,2021-01-27 02:11:00,1331.7,1332.6,1331.7,1332.4,141455.336
1118,2021-01-27 02:12:00,1332.4,1340.1,1332.4,1338.9,781251.6085
1119,2021-01-27 02:13:00,1338.8,1338.9,1335.1,1335.4,168368.0023
1120,2021-01-27 02:14:00,1335.4,1336.5,1335.4,1336.5,416410.7656
1121,2021-01-27 02:15:00,1336.5,1339.8,1336.5,1339.0,536139.1964
1122,2021-01-27 02:16:00,1339.0,1339.0,1337.1,1338.4,294975.6618
1123,2021-01-27 02:17:00,1338.4,1338.4,1336.9,1336.9,439103.6156
1124,2021-01-27 02:18:00,1336.9,1337.0,1336.6,1337.0,103575.3981
1125,2021-01-27 02:19:00,1337.0,1337.0,1333.7,1333.7,405023.1695
1126,2021-01-27 02:20:00,1333.7,1335.8,1332.8,1333.0,700824.8245
1127,2021-01-27 02:21:00,1333.0,1333.4,1332.2,1332.2,54681.1184
1128,2021-01-27 02:22:00,1332.2,1336.1,1332.2,1334.0,207978.5002
1129,2021-01-27 02:23:00,1334.0,1334.1,1327.0,1327.0,1825479.9249
1130,2021-01-27 02:24:00,1327.0,1330.1,1327.0,1330.0,341745.439
1131,2021-01-27 02:25:00,1330.0,1333.0,1330.0,1333.0,242170.9877
1132,2021-01-27 02:26:00,1333.0,1337.2,1332.9,1337.1,253553.1246
1133,2021-01-27 02:27:00,1337.1,1338.5,1335.5,1336.5,190004.4816
1134,2021-01-27 02:28:00,1336.5,1339.5,1336.3,1339.5,132731.2555
1135,2021-01-27 02:29:00,1339.5,1345.0,1339.5,1344.6,1119557.7629
1136,2021-01-27 02:30:00,1344.6,1348.1,1343.3,1343.3,721833.5371
1137,2021-01-27 02:31:00,1343.3,1344.1,1341.3,1341.4,646735.5845
1138,2021-01-27 02:32:00,1341.4,1341.5,1338.4,1340.1,987110.1235
1139,2021-01-27 02:33:00,1340.1,1341.9,1340.0,1341.9,439503.7495
1140,2021-01-27 02:34:00,1341.9,1343.6,1341.7,1343.3,392196.5679
1141,2021-01-27 02:35:00,1343.3,1343.3,1339.8,1340.9,397365.8959
1142,2021-01-27 02:36:00,1340.9,1343.4,1340.9,1343.3,814332.8396
1143,2021-01-27 02:37:00,1343.3,1347.1,1342.1,1347.1,1105916.0788
1144,2021-01-27 02:38:00,1347.1,1348.9,1345.7,1347.7,1353335.5814
1145,2021-01-27 02:39:00,1347.7,1349.2,1347.0,1349.1,681027.986
1146,2021-01-27 02:40:00,1349.1,1349.2,1345.9,1346.8,531596.7258
1147,2021-01-27 02:41:00,1346.8,1350.9,1346.8,1350.6,529992.9487
1148,2021-01-27 02:42:00,1350.6,1352.1,1350.0,1351.4,1154964.3274
1149,2021-01-27 02:43:00,1351.4,1351.8,1348.6,1350.5,476607.2061
1150,2021-01-27 02:44:00,1350.5,1353.7,1350.0,1353.4,695588.3222
1151,2021-01-27 02:45:00,1353.4,1354.8,1352.3,1354.3,1019609.2665
1152,2021-01-27 02:46:00,1354.3,1357.2,1354.0,1356.1,1160217.1889
1153,2021-01-27 02:47:00,1356.1,1356.1,1348.0,1351.9,2080073.6247
1154,2021-01-27 02:48:00,1351.9,1352.3,1350.3,1351.0,1062031.6836
1155,2021-01-27 02:49:00,1351.0,1352.5,1350.8,1352.0,279386.6942
1156,2021-01-27 02:50:00,1352.0,1352.0,1345.7,1346.0,1603311.4997
1157,2021-01-27 02:51:00,1345.8,1349.2,1345.7,1346.1,191822.5592
1158,2021-01-27 02:52:00,1346.1,1347.4,1344.7,1347.4,378632.4667
1159,2021-01-27 02:53:00,1347.4,1349.7,1346.6,1349.7,161486.3678
1160,2021-01-27 02:54:00,1349.7,1349.7,1347.3,1348.7,505209.8413
1161,2021-01-27 02:55:00,1348.7,1352.0,1348.5,1351.3,225931.3362
1162,2021-01-27 02:56:00,1351.3,1354.3,1348.8,1352.6,778020.3696
1163,2021-01-27 02:57:00,1352.6,1361.6,1352.3,1359.9,3239178.855
1164,2021-01-27 02:58:00,1359.9,1362.6,1356.5,1362.6,1483914.8377
1165,2021-01-27 02:59:00,1362.4,1363.6,1360.4,1363.6,784704.8773
1166,2021-01-27 03:00:00,1363.6,1370.0,1363.4,1368.5,2298383.9859
1167,2021-01-27 03:01:00,1368.5,1370.6,1366.0,1366.5,2226263.8859
1168,2021-01-27 03:02:00,1366.5,1370.0,1364.7,1369.1,897966.8693
1169,2021-01-27 03:03:00,1369.1,1369.7,1367.6,1369.1,1128392.3129
1170,2021-01-27 03:04:00,1369.1,1373.1,1369.0,1372.1,3052845.6224
1171,2021-01-27 03:05:00,1372.2,1374.0,1368.6,1371.7,1801488.2834
1172,2021-01-27 03:06:00,1371.7,1374.9,1370.6,1373.4,2664227.9062
1173,2021-01-27 03:07:00,1373.4,1378.0,1372.9,1375.3,2443129.0958
1174,2021-01-27 03:08:00,1375.3,1375.5,1367.4,1367.6,2363218.7693
1175,2021-01-27 03:09:00,1367.6,1372.4,1367.4,1370.2,1269451.86
1176,2021-01-27 03:10:00,1370.2,1371.0,1367.7,1367.9,743008.3753
1177,2021-01-27 03:11:00,1367.9,1375.0,1367.6,1373.2,1225573.3743
1178,2021-01-27 03:12:00,1373.3,1374.8,1368.4,1369.0,529872.2387
1179,2021-01-27 03:13:00,1369.0,1369.0,1366.0,1366.7,439279.1021
1180,2021-01-27 03:14:00,1366.7,1370.2,1366.1,1367.6,392446.1998
1181,2021-01-27 03:15:00,1367.6,1375.1,1367.6,1375.1,903821.6536
1182,2021-01-27 03:16:00,1375.1,1375.1,1370.2,1370.4,392158.2281
1183,2021-01-27 03:17:00,1370.4,1372.4,1369.8,1370.9,446429.4592
1184,2021-01-27 03:18:00,1370.9,1371.5,1369.4,1370.2,251932.5738
1185,2021-01-27 03:19:00,1370.2,1373.8,1370.1,1372.7,426830.0812
1186,2021-01-27 03:20:00,1372.7,1372.9,1369.6,1370.8,641021.0019
1187,2021-01-27 03:21:00,1370.8,1371.0,1368.1,1368.4,137936.3066
1188,2021-01-27 03:22:00,1368.4,1370.5,1368.3,1369.2,1051562.5527
1189,2021-01-27 03:23:00,1369.2,1369.7,1368.2,1369.3,445753.3744
1190,2021-01-27 03:24:00,1369.4,1372.0,1369.0,1370.7,740308.3115
1191,2021-01-27 03:25:00,1370.7,1370.7,1365.4,1366.4,539595.3898
1192,2021-01-27 03:26:00,1366.4,1367.5,1364.1,1365.5,821579.1941
1193,2021-01-27 03:27:00,1365.5,1368.2,1365.4,1367.2,304664.9715
1194,2021-01-27 03:28:00,1367.2,1368.0,1366.2,1367.5,258896.1755
1195,2021-01-27 03:29:00,1367.5,1370.0,1365.8,1369.2,358595.0849
1196,2021-01-27 03:30:00,1369.2,1372.9,1368.9,1371.7,449632.358
1197,2021-01-27 03:31:00,1371.6,1371.6,1369.5,1369.8,535518.0849
1198,2021-01-27 03:32:00,1369.8,1369.8,1365.4,1365.7,795923.7824
1199,2021-01-27 03:33:00,1365.7,1367.0,1363.1,1364.0,589445.8577
1200,2021-01-27 03:34:00,1364.0,1365.7,1363.1,1364.7,721390.0081
1201,2021-01-27 03:35:00,1364.7,1366.6,1363.3,1365.3,1074342.8066
1202,2021-01-27 03:36:00,1365.3,1366.0,1362.4,1362.6,474581.8338
1203,2021-01-27 03:37:00,1362.6,1363.7,1357.3,1358.2,1636934.7
1204,2021-01-27 03:38:00,1358.2,1359.2,1356.9,1357.0,2787200.2726
1205,2021-01-27 03:39:00,1357.0,1357.5,1354.4,1357.0,1965082.3876
1206,2021-01-27 03:40:00,1357.0,1361.7,1356.9,1360.1,1071119.4958
1207,2021-01-27 03:41:00,1360.1,1365.2,1359.7,1363.0,5561820.2834
1208,2021-01-27 03:42:00,1363.0,1364.6,1361.6,1363.2,1925307.0883
1209,2021-01-27 03:43:00,1363.2,1363.2,1360.9,1361.9,258224.0191
1210,2021-01-27 03:44:00,1361.9,1362.5,1359.4,1360.7,364159.4814
1211,2021-01-27 03:45:00,1360.7,1361.6,1359.4,1359.4,316931.1626
1212,2021-01-27 03:46:00,1359.4,1361.7,1359.3,1360.3,236808.2479
1213,2021-01-27 03:47:00,1360.3,1360.3,1358.4,1359.2,202140.7256
1214,2021-01-27 03:48:00,1359.2,1359.3,1356.0,1356.1,185170.2425
1215,2021-01-27 03:49:00,1356.1,1356.5,1350.0,1350.5,3189796.6303
1216,2021-01-27 03:50:00,1350.5,1355.3,1350.0,1355.1,778034.0603
1217,2021-01-27 03:51:00,1355.1,1355.7,1353.5,1355.1,238117.5064
1218,2021-01-27 03:52:00,1355.1,1355.9,1353.2,1353.3,374561.4993
1219,2021-01-27 03:53:00,1353.3,1357.0,1353.3,1354.7,308683.0273
1220,2021-01-27 03:54:00,1354.7,1355.7,1353.7,1354.4,154607.317
1221,2021-01-27 03:55:00,1354.4,1355.9,1353.1,1355.1,216040.9925
1222,2021-01-27 03:56:00,1355.1,1355.6,1353.1,1354.1,125473.8988
1223,2021-01-27 03:57:00,1354.1,1354.8,1352.8,1354.2,894380.2562
1224,2021-01-27 03:58:00,1354.2,1367.5,1353.9,1367.3,6016752.9095
1225,2021-01-27 03:59:00,1368.2,1370.2,1364.9,1369.0,3656993.2751
1226,2021-01-27 04:00:00,1369.0,1376.0,1364.5,1375.4,2297012.1523
1227,2021-01-27 04:01:00,1375.4,1376.8,1367.1,1369.8,1851512.9957
1228,2021-01-27 04:02:00,1370.1,1373.8,1368.7,1370.9,18417568.8846
1229,2021-01-27 04:03:00,1370.9,1371.1,1366.5,1366.5,4435281.1863
1230,2021-01-27 04:04:00,1366.5,1367.0,1358.8,1359.7,1071234.6803
1231,2021-01-27 04:05:00,1359.6,1359.7,1352.3,1356.9,1697569.2069
1232,2021-01-27 04:06:00,1356.9,1358.5,1352.3,1357.1,3315595.1441
1233,2021-01-27 04:07:00,1357.1,1357.3,1353.3,1355.9,1347029.9213
1234,2021-01-27 04:08:00,1355.9,1356.3,1354.0,1354.0,304633.0071
1235,2021-01-27 04:09:00,1353.7,1354.6,1351.9,1353.8,557154.2182
1236,2021-01-27 04:10:00,1353.8,1358.0,1353.7,1357.9,1418740.656
1237,2021-01-27 04:11:00,1357.9,1358.0,1352.6,1352.6,432818.0995
1238,2021-01-27 04:12:00,1352.6,1353.5,1349.2,1350.7,451544.6396
1239,2021-01-27 04:13:00,1350.7,1353.6,1349.8,1353.4,799286.0928
1240,2021-01-27 04:14:00,1353.4,1353.6,1348.2,1349.1,454448.0679
1241,2021-01-27 04:15:00,1349.1,1351.3,1347.7,1350.6,668954.627
1242,2021-01-27 04:16:00,1350.6,1353.8,1350.6,1353.0,433943.2355
1243,2021-01-27 04:17:00,1353.0,1353.0,1349.2,1349.2,279967.0099
1244,2021-01-27 04:18:00,1349.2,1349.3,1346.2,1347.2,360231.9609
1245,2021-01-27 04:19:00,1347.2,1349.7,1344.9,1349.4,3374587.7412
1246,2021-01-27 04:20:00,1349.4,1351.6,1346.9,1351.1,2081486.9736
1247,2021-01-27 04:21:00,1351.1,1355.6,1350.8,1353.3,2397128.3846
1248,2021-01-27 04:22:00,1353.3,1354.0,1350.3,1351.3,912030.168
1249,2021-01-27 04:23:00,1351.3,1355.1,1349.2,1353.2,507847.3164
1250,2021-01-27 04:24:00,1353.2,1353.4,1351.3,1353.4,165231.9216
1251,2021-01-27 04:25:00,1353.5,1356.9,1353.4,1354.3,710937.9024
1252,2021-01-27 04:26:00,1354.3,1354.3,1351.4,1352.6,438997.1993
1253,2021-01-27 04:27:00,1352.7,1355.2,1352.6,1354.1,288268.7883
1254,2021-01-27 04:28:00,1354.1,1355.4,1352.2,1354.4,278448.0705
1255,2021-01-27 04:29:00,1354.4,1354.4,1352.6,1353.9,125475.4177
1256,2021-01-27 04:30:00,1353.9,1358.8,1353.9,1356.5,571038.381
1257,2021-01-27 04:31:00,1356.5,1358.7,1356.1,1358.4,636234.2652
1258,2021-01-27 04:32:00,1358.4,1358.4,1355.0,1355.4,200631.9915
1259,2021-01-27 04:33:00,1355.4,1355.8,1353.5,1354.3,117165.4968
1260,2021-01-27 04:34:00,1354.3,1355.3,1352.6,1353.5,337654.5189
1261,2021-01-27 04:35:00,1353.5,1356.1,1352.4,1353.5,335289.5911
1262,2021-01-27 04:36:00,1353.5,1355.8,1352.8,1353.6,124746.8004
1263,2021-01-27 04:37:00,1353.6,1353.7,1344.2,1344.6,1376754.2076
1264,2021-01-27 04:38:00,1344.6,1344.6,1341.3,1341.8,1010823.0793
1265,2021-01-27 04:39:00,1341.8,1344.0,1338.8,1341.1,1238558.172
1266,2021-01-27 04:40:00,1341.1,1342.2,1337.8,1338.8,1346296.0515
1267,2021-01-27 04:41:00,1338.8,1345.0,1338.8,1344.2,1355381.7394
1268,2021-01-27 04:42:00,1344.2,1344.4,1341.1,1343.4,853234.3198
1269,2021-01-27 04:43:00,1343.4,1344.6,1343.1,1343.1,165606.7349
1270,2021-01-27 04:44:00,1343.1,1346.3,1343.1,1345.7,291011.6579
1271,2021-01-27 04:45:00,1345.7,1345.7,1343.4,1344.8,147897.5524
1272,2021-01-27 04:46:00,1344.8,1346.4,1344.6,1346.3,31668.9748
1273,2021-01-27 04:47:00,1346.3,1348.4,1345.7,1348.0,257628.7646
1274,2021-01-27 04:48:00,1348.0,1348.0,1343.2,1343.7,641401.8326
1275,2021-01-27 04:49:00,1343.7,1345.8,1343.6,1344.3,1555196.2912
1276,2021-01-27 04:50:00,1344.3,1345.9,1344.3,1345.2,138894.0607
1277,2021-01-27 04:51:00,1345.2,1346.0,1343.9,1343.9,137972.349
1278,2021-01-27 04:52:00,1343.9,1344.3,1339.2,1339.5,290726.2135
1279,2021-01-27 04:53:00,1339.5,1339.5,1335.7,1336.6,1326492.2668
1280,2021-01-27 04:54:00,1336.6,1337.3,1333.9,1336.6,1376000.1665
1281,2021-01-27 04:55:00,1336.6,1343.2,1336.6,1341.2,1257667.5668
1282,2021-01-27 04:56:00,1341.2,1343.9,1339.9,1343.6,652161.1945
1283,2021-01-27 04:57:00,1343.6,1344.9,1343.4,1344.8,159516.8788
1284,2021-01-27 04:58:00,1344.8,1344.8,1343.5,1343.8,124456.5306
1285,2021-01-27 04:59:00,1343.8,1349.3,1342.4,1348.8,680230.6641
1286,2021-01-27 05:00:00,1348.8,1349.7,1347.8,1349.6,533686.7316
1287,2021-01-27 05:01:00,1349.6,1352.4,1348.6,1350.8,1388666.0848
1288,2021-01-27 05:02:00,1350.8,1351.6,1346.2,1346.5,1347496.7508
1289,2021-01-27 05:03:00,1346.6,1349.6,1344.5,1345.7,492332.3724
1290,2021-01-27 05:04:00,1345.7,1345.8,1341.0,1342.3,282688.4619
1291,2021-01-27 05:05:00,1342.3,1344.0,1340.9,1344.0,1347434.7886
1292,2021-01-27 05:06:00,1344.0,1344.0,1341.7,1343.2,334486.2747
1293,2021-01-27 05:07:00,1343.2,1344.5,1340.0,1342.5,1285173.5008
1294,2021-01-27 05:08:00,1342.5,1342.8,1340.6,1342.0,231372.8685
1295,2021-01-27 05:09:00,1342.0,1343.0,1338.0,1338.2,1051647.0432
1296,2021-01-27 05:10:00,1338.2,1341.7,1337.3,1338.0,405996.8728
1297,2021-01-27 05:11:00,1338.0,1341.3,1338.0,1341.3,117105.0863
1298,2021-01-27 05:12:00,1341.3,1341.5,1339.6,1340.9,155049.2071
1299,2021-01-27 05:13:00,1340.9,1342.5,1340.1,1340.2,203202.1854
1300,2021-01-27 05:14:00,1340.2,1341.2,1339.3,1339.3,157206.7963
1301,2021-01-27 05:15:00,1339.3,1344.6,1339.0,1343.1,734582.6253
1302,2021-01-27 05:16:00,1343.1,1343.2,1335.2,1335.6,584053.1815
1303,2021-01-27 05:17:00,1335.6,1336.9,1331.5,1336.0,926445.9309
1304,2021-01-27 05:18:00,1335.9,1338.9,1334.7,1338.5,376525.1755
1305,2021-01-27 05:19:00,1338.5,1339.4,1337.0,1338.5,180859.5744
1306,2021-01-27 05:20:00,1338.5,1339.3,1336.7,1338.1,204307.6515
1307,2021-01-27 05:21:00,1338.1,1339.2,1333.3,1334.4,3597024.4077
1308,2021-01-27 05:22:00,1334.4,1336.1,1333.4,1335.0,2599114.0317
1309,2021-01-27 05:23:00,1335.1,1338.5,1335.1,1336.2,296583.9615
1310,2021-01-27 05:24:00,1336.2,1336.4,1331.5,1332.4,1351122.5928
1311,2021-01-27 05:25:00,1332.4,1333.1,1330.3,1330.9,1764671.8757
1312,2021-01-27 05:26:00,1330.9,1331.6,1330.0,1330.6,1052137.6147
1313,2021-01-27 05:27:00,1330.5,1332.8,1329.9,1330.1,808314.6669
1314,2021-01-27 05:28:00,1330.1,1333.0,1330.0,1331.1,295487.6375
1315,2021-01-27 05:29:00,1331.1,1332.8,1330.4,1330.4,365821.7788
1316,2021-01-27 05:30:00,1330.4,1332.3,1330.3,1330.8,210190.5671
1317,2021-01-27 05:31:00,1330.8,1335.1,1330.8,1333.3,1305220.1201
1318,2021-01-27 05:32:00,1333.3,1336.8,1332.9,1335.2,396105.5668
1319,2021-01-27 05:33:00,1335.2,1337.3,1334.7,1334.7,297866.6547
1320,2021-01-27 05:34:00,1334.7,1335.4,1333.2,1333.4,234057.1471
1321,2021-01-27 05:35:00,1333.4,1334.7,1333.2,1333.2,141257.4584
1322,2021-01-27 05:36:00,1333.2,1333.3,1328.1,1329.0,1216372.6413
1323,2021-01-27 05:37:00,1328.9,1331.4,1328.1,1330.8,923950.9324
1324,2021-01-27 05:38:00,1330.8,1337.9,1330.7,1335.6,952026.2893
1325,2021-01-27 05:39:00,1335.6,1335.9,1329.1,1329.9,514472.4957
1326,2021-01-27 05:40:00,1329.9,1330.2,1327.0,1328.9,3155933.2837
1327,2021-01-27 05:41:00,1328.9,1330.0,1327.1,1328.1,520016.6641
1328,2021-01-27 05:42:00,1328.1,1332.2,1328.1,1329.2,621291.168
1329,2021-01-27 05:43:00,1329.2,1329.6,1322.5,1323.9,1893388.3157
1330,2021-01-27 05:44:00,1323.9,1326.1,1323.1,1324.5,484809.1396
1331,2021-01-27 05:45:00,1324.5,1325.8,1322.1,1322.2,376733.7326
1332,2021-01-27 05:46:00,1322.3,1322.5,1317.0,1318.4,3165861.0704
1333,2021-01-27 05:47:00,1318.4,1319.9,1317.0,1319.9,1884104.3258
1334,2021-01-27 05:48:00,1319.9,1323.6,1318.9,1322.2,2943896.9227
1335,2021-01-27 05:49:00,1322.2,1323.5,1318.9,1319.4,957816.2204
1336,2021-01-27 05:50:00,1319.4,1321.3,1319.4,1320.3,233660.0709
1337,2021-01-27 05:51:00,1320.3,1323.4,1320.0,1320.3,2147699.4687
1338,2021-01-27 05:52:00,1320.3,1322.6,1320.0,1321.9,375435.8061
1339,2021-01-27 05:53:00,1321.9,1325.1,1321.9,1322.0,300945.6015
1340,2021-01-27 05:54:00,1322.0,1324.8,1320.5,1322.3,442505.5154
1341,2021-01-27 05:55:00,1322.3,1325.3,1321.0,1324.8,511060.9122
1342,2021-01-27 05:56:00,1324.7,1324.7,1321.4,1323.9,70770.7749
1343,2021-01-27 05:57:00,1323.9,1326.3,1321.1,1321.6,373653.2383
1344,2021-01-27 05:58:00,1321.6,1322.9,1321.1,1322.6,92865.236
1345,2021-01-27 05:59:00,1322.6,1323.9,1321.5,1322.6,795107.9548
1346,2021-01-27 06:00:00,1322.6,1322.6,1320.0,1320.1,1672978.741
1347,2021-01-27 06:01:00,1320.1,1324.0,1320.0,1323.3,661194.6974
1348,2021-01-27 06:02:00,1323.3,1327.2,1323.3,1327.1,288067.398
1349,2021-01-27 06:03:00,1327.1,1328.0,1326.8,1327.4,688331.5544
1350,2021-01-27 06:04:00,1327.6,1328.0,1325.6,1327.0,285989.8343
1351,2021-01-27 06:05:00,1327.0,1328.9,1326.0,1328.2,113915.9213
1352,2021-01-27 06:06:00,1328.2,1328.3,1326.5,1327.3,728225.1287
1353,2021-01-27 06:07:00,1327.3,1329.9,1327.1,1328.7,390961.1849
1354,2021-01-27 06:08:00,1328.7,1328.8,1326.0,1326.0,886366.6736
1355,2021-01-27 06:09:00,1326.0,1327.2,1325.9,1327.0,417459.6422
1356,2021-01-27 06:10:00,1327.0,1327.7,1326.0,1326.1,1245799.7478
1357,2021-01-27 06:11:00,1326.1,1327.0,1326.0,1326.1,250761.9373
1358,2021-01-27 06:12:00,1326.1,1326.5,1324.7,1326.5,327420.3931
1359,2021-01-27 06:13:00,1326.5,1328.5,1326.5,1328.2,491192.324
1360,2021-01-27 06:14:00,1328.2,1328.3,1326.1,1326.1,241437.7727
1361,2021-01-27 06:15:00,1326.1,1327.5,1326.0,1326.2,327376.9908
1362,2021-01-27 06:16:00,1326.2,1327.7,1326.1,1326.5,251014.6292
1363,2021-01-27 06:17:00,1326.5,1327.9,1326.2,1327.4,984905.3314
1364,2021-01-27 06:18:00,1327.4,1328.4,1327.1,1328.3,1138969.1556
1365,2021-01-27 06:19:00,1328.3,1329.6,1327.9,1328.6,1688563.2579
1366,2021-01-27 06:20:00,1328.6,1330.0,1328.5,1330.0,838125.9778
1367,2021-01-27 06:21:00,1330.0,1330.0,1328.8,1329.1,924964.9943
1368,2021-01-27 06:22:00,1329.1,1329.6,1328.7,1329.3,247835.8684
1369,2021-01-27 06:23:00,1329.3,1329.4,1328.1,1328.1,184302.7659
1370,2021-01-27 06:24:00,1328.1,1328.9,1327.8,1328.0,121082.9403
1371,2021-01-27 06:25:00,1328.0,1329.3,1326.9,1329.2,156134.9973
1372,2021-01-27 06:26:00,1329.2,1331.7,1328.8,1329.4,742934.8687
1373,2021-01-27 06:27:00,1329.4,1329.7,1326.0,1326.2,403675.1761
1374,2021-01-27 06:28:00,1326.2,1326.5,1322.6,1323.0,590520.1894
1375,2021-01-27 06:29:00,1323.0,1324.3,1323.0,1323.5,197154.1966
1376,2021-01-27 06:30:00,1323.5,1329.0,1323.4,1324.0,726676.3467
1377,2021-01-27 06:31:00,1323.9,1325.6,1321.7,1321.7,243130.298
1378,2021-01-27 06:32:00,1321.7,1324.6,1320.5,1320.5,522078.4518
1379,2021-01-27 06:33:00,1320.5,1321.3,1319.1,1319.6,1018721.5529
1380,2021-01-27 06:34:00,1319.7,1319.8,1315.3,1316.4,3039866.3019
1381,2021-01-27 06:35:00,1316.4,1317.0,1303.5,1312.8,12758352.545
1382,2021-01-27 06:36:00,1312.8,1316.1,1312.6,1314.4,1664919.9946
1383,2021-01-27 06:37:00,1314.4,1314.4,1312.1,1313.2,465299.4588
1384,2021-01-27 06:38:00,1313.2,1314.3,1312.1,1312.8,786809.8118
1385,2021-01-27 06:39:00,1312.8,1316.5,1312.8,1316.3,696447.8668
1386,2021-01-27 06:40:00,1316.3,1316.5,1313.0,1313.1,419585.7586
1387,2021-01-27 06:41:00,1313.1,1316.9,1313.1,1316.6,611240.8773
1388,2021-01-27 06:42:00,1316.6,1319.8,1316.6,1319.7,3358253.0083
1389,2021-01-27 06:43:00,1319.7,1321.5,1318.9,1319.8,3312115.8947
1390,2021-01-27 06:44:00,1319.8,1320.0,1316.3,1316.7,670182.5123
1391,2021-01-27 06:45:00,1316.6,1317.0,1312.4,1312.5,539231.471
1392,2021-01-27 06:46:00,1312.8,1320.0,1312.5,1319.2,1179944.67
1393,2021-01-27 06:47:00,1319.2,1320.2,1316.9,1318.2,907871.8488
1394,2021-01-27 06:48:00,1318.2,1319.9,1318.2,1318.7,136186.3439
1395,2021-01-27 06:49:00,1318.7,1320.0,1318.3,1320.0,71878.0911
1396,2021-01-27 06:50:00,1320.0,1320.7,1317.0,1317.0,506610.5456
1397,2021-01-27 06:51:00,1317.0,1317.2,1315.3,1316.2,227595.5799
1398,2021-01-27 06:52:00,1316.2,1316.6,1313.9,1316.0,880621.3036
1399,2021-01-27 06:53:00,1316.0,1316.8,1314.4,1316.0,414564.1724
1400,2021-01-27 06:54:00,1316.0,1318.1,1316.0,1316.7,220679.5813
1401,2021-01-27 06:55:00,1316.7,1317.2,1316.0,1316.6,310650.1416
1402,2021-01-27 06:56:00,1316.6,1316.6,1314.0,1314.4,280042.0587
1403,2021-01-27 06:57:00,1314.4,1315.1,1312.9,1313.3,642798.8908
1404,2021-01-27 06:58:00,1313.3,1313.3,1308.7,1309.2,1068454.0119
1405,2021-01-27 06:59:00,1309.2,1309.3,1302.1,1304.3,3068998.8858
1406,2021-01-27 07:00:00,1304.3,1308.5,1303.4,1307.2,2160889.2173
1407,2021-01-27 07:01:00,1307.3,1309.4,1305.9,1307.3,1537876.1237
1408,2021-01-27 07:02:00,1307.3,1308.9,1307.1,1308.9,270576.7956
1409,2021-01-27 07:03:00,1308.9,1309.9,1307.9,1309.9,395301.1641
1410,2021-01-27 07:04:00,1309.9,1310.7,1309.6,1310.6,300829.9251
1411,2021-01-27 07:05:00,1310.6,1311.0,1309.1,1309.5,493140.2389
1412,2021-01-27 07:06:00,1309.5,1310.7,1309.3,1310.1,264495.8809
1413,2021-01-27 07:07:00,1310.1,1310.2,1308.4,1309.7,255599.3817
1414,2021-01-27 07:08:00,1309.7,1309.7,1307.2,1308.5,217741.5028
1415,2021-01-27 07:09:00,1308.5,1309.0,1307.6,1309.0,322925.2054
1416,2021-01-27 07:10:00,1309.0,1309.0,1304.2,1307.1,1117204.2571
1417,2021-01-27 07:11:00,1307.1,1307.2,1303.9,1304.3,1051291.7761
1418,2021-01-27 07:12:00,1304.3,1306.7,1303.5,1306.6,1134885.6474
1419,2021-01-27 07:13:00,1306.6,1307.6,1305.9,1305.9,753503.3396
1420,2021-01-27 07:14:00,1305.9,1306.3,1304.0,1305.8,829087.9115
1421,2021-01-27 07:15:00,1305.8,1308.0,1303.8,1304.0,536285.9045
1422,2021-01-27 07:16:00,1304.0,1309.1,1303.0,1307.2,887410.3955
1423,2021-01-27 07:17:00,1307.2,1309.3,1306.6,1307.5,931712.7324
1424,2021-01-27 07:18:00,1307.5,1309.9,1307.2,1309.8,356929.0138
1425,2021-01-27 07:19:00,1309.9,1310.5,1309.4,1310.5,305264.9097
1426,2021-01-27 07:20:00,1310.5,1310.5,1307.2,1309.0,595171.3555
1427,2021-01-27 07:21:00,1309.0,1310.3,1309.0,1310.0,156719.2287
1428,2021-01-27 07:22:00,1310.0,1310.3,1308.6,1308.9,217345.3759
1429,2021-01-27 07:23:00,1308.9,1310.5,1308.7,1310.4,570088.7104
1430,2021-01-27 07:24:00,1310.4,1310.7,1310.2,1310.6,371966.5201
1431,2021-01-27 07:25:00,1310.6,1311.4,1310.3,1310.8,436095.5129
1432,2021-01-27 07:26:00,1310.8,1310.9,1310.1,1310.6,106473.7759
1433,2021-01-27 07:27:00,1310.6,1310.6,1310.0,1310.0,1214984.7923
1434,2021-01-27 07:28:00,1310.0,1310.1,1309.6,1309.8,125409.9622
1435,2021-01-27 07:29:00,1309.8,1310.0,1306.9,1310.0,574469.8643
1436,2021-01-27 07:30:00,1310.0,1311.4,1309.5,1311.1,159732.1253
1437,2021-01-27 07:31:00,1311.1,1312.0,1310.3,1310.6,500675.7283
1438,2021-01-27 07:32:00,1310.6,1310.9,1307.9,1308.1,631823.4088
1439,2021-01-27 07:33:00,1308.1,1308.3,1306.6,1307.7,264775.2349
1440,2021-01-27 07:34:00,1307.7,1307.9,1306.6,1307.7,224725.5546
1441,2021-01-27 07:35:00,1307.7,1310.8,1307.7,1310.8,150652.1003
1442,2021-01-27 07:36:00,1310.8,1310.8,1308.1,1308.5,163749.2506
1443,2021-01-27 07:37:00,1308.5,1308.7,1305.3,1306.7,935231.5646
1444,2021-01-27 07:38:00,1306.7,1310.4,1306.7,1309.0,499012.9027
1445,2021-01-27 07:39:00,1309.0,1309.8,1308.6,1309.7,42041.1135
1446,2021-01-27 07:40:00,1309.7,1309.7,1308.0,1308.7,91802.1301
1447,2021-01-27 07:41:00,1308.8,1309.0,1306.2,1307.1,374008.4115
1448,2021-01-27 07:42:00,1307.1,1307.5,1306.2,1307.1,86076.7487
1449,2021-01-27 07:43:00,1307.1,1307.1,1305.8,1305.8,103789.9664
1450,2021-01-27 07:44:00,1305.8,1306.0,1305.3,1305.4,1059454.3024
1451,2021-01-27 07:45:00,1305.4,1305.5,1303.4,1305.4,847365.8823
1452,2021-01-27 07:46:00,1305.4,1309.2,1305.1,1308.1,1590203.0397
1453,2021-01-27 07:47:00,1308.1,1308.2,1306.2,1306.4,171738.9879
1454,2021-01-27 07:48:00,1306.4,1307.6,1305.9,1305.9,48313.5466
1455,2021-01-27 07:49:00,1305.9,1306.5,1305.4,1305.9,75599.2811
1456,2021-01-27 07:50:00,1305.9,1308.5,1305.2,1308.5,190264.726
1457,2021-01-27 07:51:00,1308.5,1311.1,1308.3,1310.9,219846.241
1458,2021-01-27 07:52:00,1310.9,1311.0,1309.7,1310.0,40238.2689
1459,2021-01-27 07:53:00,1310.0,1310.0,1307.9,1308.3,647156.5233
1460,2021-01-27 07:54:00,1308.3,1310.4,1308.2,1310.2,424535.3813
1461,2021-01-27 07:55:00,1310.2,1311.7,1310.2,1311.7,523279.1397
1462,2021-01-27 07:56:00,1311.7,1312.6,1309.8,1311.9,444769.8017
1463,2021-01-27 07:57:00,1311.9,1312.3,1310.8,1310.9,248737.2814
1464,2021-01-27 07:58:00,1310.9,1310.9,1309.2,1310.1,109008.8274
1465,2021-01-27 07:59:00,1310.1,1311.4,1309.1,1310.6,287449.2876
1466,2021-01-27 08:00:00,1310.6,1310.7,1308.7,1309.3,161313.361
1467,2021-01-27 08:01:00,1309.3,1310.5,1306.1,1306.6,235042.7942
1468,2021-01-27 08:02:00,1306.6,1307.4,1301.0,1303.7,2053941.442
1469,2021-01-27 08:03:00,1303.7,1305.3,1303.6,1303.9,726398.8037
1470,2021-01-27 08:04:00,1303.9,1304.8,1302.4,1304.8,581497.1796
1471,2021-01-27 08:05:00,1304.8,1305.7,1304.7,1305.2,184403.4789
1472,2021-01-27 08:06:00,1305.2,1305.8,1304.5,1305.0,229192.0696
1473,2021-01-27 08:07:00,1305.0,1305.6,1304.7,1305.1,235276.2603
1474,2021-01-27 08:08:00,1305.1,1305.8,1305.1,1305.7,225927.2546
1475,2021-01-27 08:09:00,1305.7,1305.9,1303.7,1303.7,254305.9471
1476,2021-01-27 08:10:00,1303.7,1305.2,1300.0,1304.6,3593269.7078
1477,2021-01-27 08:11:00,1304.6,1307.3,1302.9,1302.9,1664480.4029
1478,2021-01-27 08:12:00,1302.9,1303.6,1300.4,1301.2,1746687.1424
1479,2021-01-27 08:13:00,1301.2,1301.3,1298.9,1300.4,1412830.1365
1480,2021-01-27 08:14:00,1300.4,1302.0,1299.5,1301.4,1486708.4244
1481,2021-01-27 08:15:00,1301.4,1301.5,1298.9,1300.0,1092611.3787
1482,2021-01-27 08:16:00,1300.0,1301.5,1299.7,1301.3,480085.5033
1483,2021-01-27 08:17:00,1301.3,1307.2,1301.3,1307.1,697358.2789
1484,2021-01-27 08:18:00,1307.1,1308.4,1305.0,1307.0,746482.4127
1485,2021-01-27 08:19:00,1307.0,1311.8,1306.9,1310.8,1571246.2308
1486,2021-01-27 08:20:00,1310.6,1310.8,1308.9,1309.1,512242.9172
1487,2021-01-27 08:21:00,1309.1,1311.2,1309.1,1311.1,235866.2422
1488,2021-01-27 08:22:00,1311.1,1313.4,1310.3,1313.1,501732.7767
1489,2021-01-27 08:23:00,1313.1,1315.3,1312.1,1314.9,443448.2151
1490,2021-01-27 08:24:00,1314.9,1314.9,1312.9,1313.1,625275.57
1491,2021-01-27 08:25:00,1313.1,1314.8,1313.1,1314.4,479149.4436
1492,2021-01-27 08:26:00,1314.4,1315.9,1314.4,1314.7,1038925.7366
1493,2021-01-27 08:27:00,1314.7,1319.3,1314.7,1319.2,2023341.008
1494,2021-01-27 08:28:00,1319.2,1320.4,1317.4,1317.5,1894783.4784
1495,2021-01-27 08:29:00,1317.5,1320.9,1317.5,1319.7,827741.8221
1496,2021-01-27 08:30:00,1319.7,1319.8,1316.9,1317.0,992346.8765
1497,2021-01-27 08:31:00,1317.0,1317.1,1314.4,1314.5,379608.9365
1498,2021-01-27 08:32:00,1314.5,1316.7,1314.2,1314.2,193096.5335
1499,2021-01-27 08:33:00,1314.4,1315.7,1314.2,1315.1,166539.5482
1500,2021-01-27 08:34:00,1315.1,1315.1,1313.2,1313.2,304320.1588
